Hugo_Symbol,Entrez_Gene_Id,Center,NCBI_Build,Chromosome,Start_Position,End_Position,Strand,Consequence,Variant_Classification,Variant_Type,Reference_Allele,Tumor_Seq_Allele1,Tumor_Seq_Allele2,dbSNP_RS,dbSNP_Val_Status,Tumor_Sample_Barcode,Matched_Norm_Sample_Barcode,Match_Norm_Seq_Allele1,Match_Norm_Seq_Allele2,Tumor_Validation_Allele1,Tumor_Validation_Allele2,Match_Norm_Validation_Allele1,Match_Norm_Validation_Allele2,Verification_Status,Validation_Status,Mutation_Status,Sequencing_Phase,Sequence_Source,Validation_Method,Score,BAM_File,Sequencer,t_ref_count,t_alt_count,n_ref_count,n_alt_count,HGVSc,HGVSp,HGVSp_Short,Transcript_ID,RefSeq,Protein_position,Codons,Hotspot,AA_MAF,AFR_MAF,ALLELE_NUM,AMR_MAF,ASN_MAF,Allele,Amino_acids,BIOTYPE,CANONICAL,CCDS,CDS_position,CENTERS,CLIN_SIG,CONTEXT,COSMIC,DBVS,DISTANCE,DOMAINS,EAS_MAF,EA_MAF,ENSP,EUR_MAF,EXON,ExAC_AF,ExAC_AF_AFR,ExAC_AF_AMR,ExAC_AF_EAS,ExAC_AF_FIN,ExAC_AF_NFE,ExAC_AF_OTH,ExAC_AF_SAS,Existing_variation,Exon_Number,FILTER,Feature,Feature_type,GENE_PHENO,GMAF,Gene,HGNC_ID,HGVS_OFFSET,HIGH_INF_POS,IMPACT,INTRON,MERGESOURCE,MINIMISED,MOTIF_NAME,MOTIF_POS,MOTIF_SCORE_CHANGE,NCALLERS,PHENO,PICK,PUBMED,PolyPhen,SAS_MAF,SIFT,SOMATIC,SWISSPROT,SYMBOL,SYMBOL_SOURCE,TREMBL,TSL,UNIPARC,VARIANT_CLASS,all_effects,cDNA_position,n_depth,t_depth,Annotation_Status
TMEM196,256130.0,.,GRCh37,7,19763945,19763945,+,intron_variant,Intron,SNP,G,G,T,novel,.,TCGA-DD-AAVV-01,TCGA-DD-AAVV-10,G,G,.,.,.,.,.,.,.,.,.,.,.,.,.,124,32,140,0,ENST00000405764.3:c.459+1192C>A,,p.*153*,ENST00000405764,NM_152774.3,,,0.0,.,.,.,.,.,T,.,protein_coding,YES,CCDS34607.2,.,MUTECT|RADIA|SOMATICSNIPER|MUSE|VARSCANS,.,AGCTGGGCAAG,NONE,.,.,.,.,.,ENSP00000384234,.,.,.,.,.,.,.,.,.,.,.,.,PASS,ENST00000405764,Transcript,.,.,ENSG00000173452,22431,.,.,MODIFIER,3/3,PRIMARY,.,.,.,.,5,.,.,.,.,.,.,.,TM196_HUMAN,TMEM196,HGNC,.,.,UPI00005A9078,SNV,"TMEM196,missense_variant,p.Pro96His,ENST00000422233,;TMEM196,missense_variant,p.Pro164His,ENST00000405844,;TMEM196,3_prime_UTR_variant,,ENST00000433641,;TMEM196,intron_variant,,ENST00000493519,;TMEM196,intron_variant,,ENST00000405764,;AC004543.1,downstream_gene_variant,,ENST00000408649,;",.,140,156,SUCCESS
KCNC1,3746.0,.,GRCh37,11,17801139,17801139,+,downstream_gene_variant,3'Flank,SNP,C,C,T,rs960179328,.,TCGA-DD-A4NV-01,TCGA-DD-A4NV-10,C,C,.,.,.,.,.,.,.,.,.,.,.,.,.,72,4,86,0,,,,ENST00000379472,NM_004976.4,547.0,,0.0,.,.,.,.,.,T,F,protein_coding,YES,CCDS44547.1,1641,MUTECT|MUSE,.,TGCTTCCTCTT,NONE,.,.,.,.,.,ENSP00000265969,.,3/4,.,.,.,.,.,.,.,.,.,3/4,PASS,ENST00000265969,Transcript,.,.,ENSG00000129159,6233,.,.,LOW,.,PRIMARY,.,.,.,.,2,.,.,.,.,.,.,.,.,KCNC1,HGNC,K4DI87_HUMAN,.,UPI0000E2291F,SNV,"KCNC1,synonymous_variant,p.%3D,ENST00000265969,;KCNC1,downstream_gene_variant,,ENST00000379472,;KCNC1,non_coding_transcript_exon_variant,,ENST00000525802,;KCNC1,non_coding_transcript_exon_variant,,ENST00000526029,;",2832,86,76,SUCCESS
PDE11A,50940.0,.,GRCh37,2,178562092,178562092,+,synonymous_variant,Silent,SNP,T,T,G,rs781486307,.,TCGA-2Y-A9HA-01,TCGA-2Y-A9HA-10,T,T,.,.,.,.,.,.,.,.,.,.,.,.,.,31,24,44,0,ENST00000286063.6:c.2313A>C,p.Ser771=,p.S771=,ENST00000286063,NM_016953.3,771.0,tcA/tcC,0.0,.,.,.,.,.,G,S,protein_coding,YES,CCDS33334.1,2313,MUTECT|RADIA|SOMATICSNIPER|MUSE|VARSCANS,.,AATATTGACTG,NONE,byFrequency,.,"hmmpanther:PTHR11347,hmmpanther:PTHR11347:SF105,Pfam_domain:PF00233,Gene3D:1.10.1300.10,SMART_domains:SM00471,Superfamily_domains:SSF109604",.,.,ENSP00000286063,.,15/20,.,.,.,.,.,.,.,.,rs781486307,15/20,PASS,ENST00000286063,Transcript,.,.,ENSG00000128655,8773,.,.,LOW,.,PRIMARY,.,.,.,.,5,.,.,.,.,.,.,.,PDE11_HUMAN,PDE11A,HGNC,"Q53S13_HUMAN,Q53S07_HUMAN,F8WAE1_HUMAN",.,UPI00001402C1,SNV,"PDE11A,synonymous_variant,p.%3D,ENST00000433879,;PDE11A,synonymous_variant,p.%3D,ENST00000358450,;PDE11A,synonymous_variant,p.%3D,ENST00000286063,;PDE11A,synonymous_variant,p.%3D,ENST00000389683,;PDE11A,synonymous_variant,p.%3D,ENST00000449286,;PDE11A,synonymous_variant,p.%3D,ENST00000409504,;AC012499.1,upstream_gene_variant,,ENST00000450227,;AC012499.1,upstream_gene_variant,,ENST00000412133,;PDE11A,non_coding_transcript_exon_variant,,ENST00000497003,;",2631,44,55,SUCCESS
KIAA0196,0.0,.,GRCh37,8,126044596,126044596,+,synonymous_variant,Silent,SNP,T,T,A,novel,.,TCGA-DD-A73D-01,TCGA-DD-A73D-10,T,T,.,.,.,.,.,.,.,.,.,.,.,.,.,53,29,73,0,ENST00000318410.7:c.3222A>T,p.Pro1074=,p.P1074=,ENST00000318410,NM_014846.3,1074.0,ccA/ccT,0.0,.,.,.,.,.,A,P,protein_coding,YES,CCDS6355.1,3222,SOMATICSNIPER|RADIA|MUTECT|MUSE|VARSCANS,.,AGTGGTGGCCA,NONE,.,.,"hmmpanther:PTHR15691,Pfam_domain:PF10266",.,.,ENSP00000318016,.,27/29,.,.,.,.,.,.,.,.,.,27/29,PASS,ENST00000318410,Transcript,1,.,ENSG00000164961,28984,.,.,LOW,.,PRIMARY,.,.,.,.,5,.,.,.,.,.,.,.,STRUM_HUMAN,KIAA0196,HGNC,"Q53EL1_HUMAN,E7EQI7_HUMAN,E5RFU6_HUMAN",.,UPI000013943B,SNV,"KIAA0196,synonymous_variant,p.%3D,ENST00000517845,;KIAA0196,synonymous_variant,p.%3D,ENST00000318410,;KIAA0196,non_coding_transcript_exon_variant,,ENST00000519042,;",3572,73,82,SUCCESS
ELMOD1,55531.0,.,GRCh37,11,107518278,107518278,+,frameshift_variant,Frame_Shift_Del,DEL,C,C,-,.,.,TCGA-CC-5262-01,TCGA-CC-5262-10,C,C,.,.,.,.,.,.,.,.,.,.,.,.,.,153,36,150,0,ENST00000265840.7:c.506del,p.Pro169LeufsTer47,p.P169Lfs*47,ENST00000265840,NM_018712.3,169.0,Cct/ct,0.0,.,.,.,.,.,-,P/X,protein_coding,YES,CCDS44723.1,505,INDELOCATOR*|VARSCANI*|PINDEL,.,GATGATCCTAAA,NONE,.,.,"Pfam_domain:PF04727,hmmpanther:PTHR12771,hmmpanther:PTHR12771:SF18,PROSITE_profiles:PS51335",.,.,ENSP00000265840,.,7/12,.,.,.,.,.,.,.,.,COSM3443092,7/12,PASS,ENST00000265840,Transcript,.,.,ENSG00000110675,25334,1,.,HIGH,.,PRIMARY,.,.,.,.,3,1,.,.,.,.,.,1,ELMD1_HUMAN,ELMOD1,HGNC,E9PLM8_HUMAN,.,UPI000006DF30,deletion,"ELMOD1,frameshift_variant,p.Pro169LeufsTer67,ENST00000443271,;ELMOD1,frameshift_variant,p.Pro163LeufsTer47,ENST00000531234,;ELMOD1,frameshift_variant,p.Pro169LeufsTer47,ENST00000265840,;AP000889.1,upstream_gene_variant,,ENST00000530968,;",770,150,189,SUCCESS
CRB1,23418.0,.,GRCh37,1,197404300,197404300,+,stop_gained,Nonsense_Mutation,SNP,G,G,T,rs62636275,.,TCGA-G3-A25U-01,TCGA-G3-A25U-10,G,G,.,.,.,.,.,.,.,.,.,.,.,.,.,31,4,56,0,ENST00000367400.3:c.3307G>T,p.Gly1103Ter,p.G1103*,ENST00000367400,NM_201253.2,1103.0,Gga/Tga,0.0,.,.,.,.,.,T,G/*,protein_coding,YES,CCDS1390.1,3307,RADIA|VARSCANS,"not_provided,pathogenic",AAATCGGAGGC,NONE,byFrequency|byCluster,.,"PROSITE_profiles:PS50025,hmmpanther:PTHR24049,Gene3D:2.60.120.200,Pfam_domain:PF02210,SMART_domains:SM00282,Superfamily_domains:SSF49899",.,.,ENSP00000356370,.,9/12,.,.,.,.,.,.,.,.,"rs62636275,CM040718,CM057655,RISN_CRB1:c.3307G>A,COSM1242154,COSM678305",9/12,PASS,ENST00000367400,Transcript,.,.,ENSG00000134376,2343,.,.,HIGH,.,PRIMARY,.,.,.,.,2,"1,1,1,0,1,1",.,.,.,.,.,"0,0,0,0,1,1",CRUM1_HUMAN,CRB1,HGNC,B7Z824_HUMAN,.,UPI0000073345,SNV,"CRB1,stop_gained,p.Gly584Ter,ENST00000544212,;CRB1,stop_gained,p.Gly991Ter,ENST00000367399,;CRB1,stop_gained,p.Gly1079Ter,ENST00000535699,;CRB1,stop_gained,p.Gly484Ter,ENST00000367397,;CRB1,stop_gained,p.Gly1103Ter,ENST00000367400,;CRB1,intron_variant,,ENST00000538660,;RP11-75C23.1,downstream_gene_variant,,ENST00000422250,;CRB1,stop_gained,p.Gly1103Ter,ENST00000484075,;",3442,56,35,SUCCESS
AGL,178.0,.,GRCh37,1,100356784,100356784,+,missense_variant,Missense_Mutation,SNP,T,T,G,novel,.,TCGA-CC-A7IL-01,TCGA-CC-A7IL-10,T,T,.,.,.,.,.,.,.,.,.,.,.,.,.,43,38,66,0,ENST00000294724.4:c.2821T>G,p.Ser941Ala,p.S941A,ENST00000294724,NM_000028.2,941.0,Tct/Gct,0.0,.,.,.,.,.,G,S/A,protein_coding,YES,CCDS759.1,2821,RADIA|MUTECT|MUSE,.,TAATGTCTGTA,NONE,.,.,"hmmpanther:PTHR10569,Pfam_domain:PF14702,TIGRFAM_domain:TIGR01531",.,.,ENSP00000294724,.,22/34,.,.,.,.,.,.,.,.,.,22/34,PASS,ENST00000294724,Transcript,.,.,ENSG00000162688,321,.,.,MODERATE,.,PRIMARY,.,.,.,.,3,.,.,.,possibly_damaging(0.826),.,deleterious(0.04),.,GDE_HUMAN,AGL,HGNC,G1UI17_HUMAN,.,UPI00001694CB,SNV,"AGL,missense_variant,p.Ser941Ala,ENST00000370163,;AGL,missense_variant,p.Ser925Ala,ENST00000361302,;AGL,missense_variant,p.Ser941Ala,ENST00000294724,;AGL,missense_variant,p.Ser941Ala,ENST00000370165,;AGL,missense_variant,p.Ser924Ala,ENST00000361522,;AGL,missense_variant,p.Ser925Ala,ENST00000370161,;AGL,missense_variant,p.Ser941Ala,ENST00000361915,;",3299,66,82,SUCCESS
APCDD1,147495.0,.,GRCh37,18,10471887,10471887,+,synonymous_variant,Silent,SNP,C,C,T,rs145453912,.,TCGA-EP-A12J-01,TCGA-EP-A12J-11,C,C,.,.,.,.,.,.,.,.,.,.,.,.,.,38,23,59,0,ENST00000355285.5:c.603C>T,p.Ala201=,p.A201=,ENST00000355285,NM_153000.4,201.0,gcC/gcT,0.0,G:0.0011,G:0.0008,.,G:0,.,T,A,protein_coding,YES,CCDS11849.1,603,MUTECT|RADIA|SOMATICSNIPER|MUSE|VARSCANS,.,AAGGCCGTGAA,NONE,byCluster|by1000G,.,"hmmpanther:PTHR31021,hmmpanther:PTHR31021:SF2,Pfam_domain:PF14921",G:0,G:0,ENSP00000347433,G:0,3/5,.,.,.,.,.,.,.,.,"rs145453912,COSM986494",3/5,PASS,ENST00000355285,Transcript,.,G:0.0002,ENSG00000154856,15718,.,.,LOW,.,PRIMARY,.,.,.,.,5,"0,1",.,.,.,G:0,.,"0,1",APCD1_HUMAN,APCDD1,HGNC,.,.,UPI000000D766,SNV,"APCDD1,synonymous_variant,p.%3D,ENST00000584596,;APCDD1,synonymous_variant,p.%3D,ENST00000355285,;APCDD1,intron_variant,,ENST00000578882,;APCDD1,3_prime_UTR_variant,,ENST00000582723,;APCDD1,intron_variant,,ENST00000423585,;APCDD1,upstream_gene_variant,,ENST00000579685,;",957,59,61,SUCCESS
PDE4D,5144.0,.,GRCh37,5,59189504,59189504,+,5_prime_UTR_variant,5'UTR,SNP,G,G,C,novel,.,TCGA-2Y-A9H3-01,TCGA-2Y-A9H3-10,G,G,.,.,.,.,.,.,.,.,.,.,.,.,.,107,16,244,0,ENST00000340635.6:c.-55C>G,,p.*19*,ENST00000340635,NM_001104631.1,,,0.0,.,.,.,.,.,C,.,protein_coding,YES,CCDS47213.1,.,MUTECT|MUSE,.,GGCCCGAGCGC,NONE,.,.,.,.,.,ENSP00000345502,.,1/15,.,.,.,.,.,.,.,.,.,1/15,PASS,ENST00000340635,Transcript,1,.,ENSG00000113448,8783,.,.,MODIFIER,.,PRIMARY,.,.,.,.,2,.,.,.,.,.,.,.,PDE4D_HUMAN,PDE4D,HGNC,D6RHE0_HUMAN,.,UPI0000050EB1,SNV,"PDE4D,5_prime_UTR_variant,,ENST00000340635,;PDE4D,intron_variant,,ENST00000546160,;PDE4D,intron_variant,,ENST00000502484,;PDE4D,intron_variant,,ENST00000512069,;PDE4D,upstream_gene_variant,,ENST00000405053,;PDE4D,intron_variant,,ENST00000514231,;",122,244,123,SUCCESS
A1CF,29974.0,.,GRCh37,10,52573658,52573658,+,missense_variant,Missense_Mutation,SNP,G,G,A,.,.,TCGA-DD-AAE4-01,TCGA-DD-AAE4-10,G,G,.,.,.,.,.,.,.,.,.,.,.,.,.,95,49,110,0,ENST00000373993.1:c.1306C>T,p.Pro436Ser,p.P436S,ENST00000373993,,436.0,Cct/Tct,0.0,.,.,.,.,.,A,P/S,protein_coding,YES,CCDS7243.1,1306,MUTECT|RADIA|SOMATICSNIPER|MUSE|VARSCANS,.,GACAGGATTCA,NONE,.,.,TIGRFAM_domain:TIGR01648,.,.,ENSP00000363107,.,10/13,.,.,.,.,.,.,.,.,"COSM685037,COSM3438592,COSM685036",10/13,PASS,ENST00000373995,Transcript,.,.,ENSG00000148584,24086,.,.,MODERATE,.,PRIMARY,.,.,.,.,5,"1,1,1",.,.,benign(0.138),.,tolerated(0.09),"1,1,1",A1CF_HUMAN,A1CF,HGNC,.,.,UPI000013DB32,SNV,"A1CF,missense_variant,p.Pro436Ser,ENST00000373993,;A1CF,missense_variant,p.Pro436Ser,ENST00000282641,;A1CF,missense_variant,p.Pro381Ser,ENST00000395495,;A1CF,missense_variant,p.Pro428Ser,ENST00000374001,;A1CF,missense_variant,p.Pro436Ser,ENST00000373995,;A1CF,missense_variant,p.Pro428Ser,ENST00000373997,;A1CF,missense_variant,p.Pro429Ser,ENST00000395489,;A1CF,non_coding_transcript_exon_variant,,ENST00000493415,;ASAH2B,intron_variant,,ENST00000483649,;",1565,110,144,SUCCESS
ITM2C,81618.0,.,GRCh37,2,231742197,231742197,+,missense_variant,Missense_Mutation,SNP,G,G,A,novel,.,TCGA-DD-AAD1-01,TCGA-DD-AAD1-10,G,G,.,.,.,.,.,.,.,.,.,.,.,.,.,177,10,187,0,ENST00000326427.6:c.644G>A,p.Gly215Glu,p.G215E,ENST00000326427,NM_030926.4,215.0,gGg/gAg,0.0,.,.,.,.,.,A,G/E,protein_coding,YES,CCDS2479.1,644,MUTECT|MUSE,.,CCTGGGGTCCT,NONE,.,.,"PROSITE_profiles:PS50869,hmmpanther:PTHR10962:SF5,hmmpanther:PTHR10962,Pfam_domain:PF04089,SMART_domains:SM01039",.,.,ENSP00000322730,.,5/6,.,.,.,.,.,.,.,.,.,5/6,PASS,ENST00000326427,Transcript,.,.,ENSG00000135916,6175,.,.,MODERATE,.,PRIMARY,.,.,.,.,2,.,.,.,probably_damaging(1),.,deleterious(0),.,ITM2C_HUMAN,ITM2C,HGNC,"F5H4I5_HUMAN,E7EUS6_HUMAN,C9JG41_HUMAN,B8ZZM6_HUMAN",.,UPI0000001BF2,SNV,"ITM2C,missense_variant,p.Gly215Glu,ENST00000326427,;ITM2C,missense_variant,p.Gly153Glu,ENST00000409704,;ITM2C,missense_variant,p.Gly168Glu,ENST00000335005,;ITM2C,missense_variant,p.Gly178Glu,ENST00000326407,;ITM2C,downstream_gene_variant,,ENST00000543957,;ITM2C,downstream_gene_variant,,ENST00000418408,;ITM2C,downstream_gene_variant,,ENST00000457215,;ITM2C,downstream_gene_variant,,ENST00000541852,;ITM2C,downstream_gene_variant,,ENST00000492029,;",770,187,187,SUCCESS
ARL6IP5,10550.0,.,GRCh37,3,69134210,69134210,+,missense_variant,Missense_Mutation,SNP,T,T,A,novel,.,TCGA-DD-AAEA-01,TCGA-DD-AAEA-10,T,T,.,.,.,.,.,.,.,.,.,.,.,.,.,39,23,61,0,ENST00000273258.3:c.12T>A,p.Asn4Lys,p.N4K,ENST00000273258,NM_006407.3,4.0,aaT/aaA,0.0,.,.,.,.,.,A,N/K,protein_coding,YES,CCDS2912.1,12,SOMATICSNIPER|RADIA|MUTECT|MUSE|VARSCANS,.,GTTAATATCGC,NONE,.,.,"Pfam_domain:PF03208,hmmpanther:PTHR12859,hmmpanther:PTHR12859:SF2",.,.,ENSP00000273258,.,1/3,.,.,.,.,.,.,.,.,.,1/3,PASS,ENST00000273258,Transcript,.,.,ENSG00000144746,16937,.,.,MODERATE,.,PRIMARY,.,.,.,.,5,.,.,.,benign(0.011),.,tolerated(0.05),.,PRAF3_HUMAN,ARL6IP5,HGNC,"F8WF90_HUMAN,B4DZZ0_HUMAN",.,UPI0000074031,SNV,"ARL6IP5,missense_variant,p.Asn4Lys,ENST00000273258,;ARL6IP5,missense_variant,p.Asn4Lys,ENST00000478935,;UBA3,upstream_gene_variant,,ENST00000361055,;UBA3,upstream_gene_variant,,ENST00000540295,;UBA3,upstream_gene_variant,,ENST00000415609,;UBA3,upstream_gene_variant,,ENST00000349511,;ARL6IP5,missense_variant,p.Asn4Lys,ENST00000484921,;ARL6IP5,missense_variant,p.Asn4Lys,ENST00000485444,;ARL6IP5,non_coding_transcript_exon_variant,,ENST00000470936,;UBA3,upstream_gene_variant,,ENST00000485424,;UBA3,upstream_gene_variant,,ENST00000493957,;UBA3,upstream_gene_variant,,ENST00000465627,;UBA3,upstream_gene_variant,,ENST00000461934,;UBA3,upstream_gene_variant,,ENST00000465108,;UBA3,upstream_gene_variant,,ENST00000464605,;UBA3,upstream_gene_variant,,ENST00000466763,;",116,61,62,SUCCESS
STK39,27347.0,.,GRCh37,2,168811786,168811786,+,3_prime_UTR_variant,3'UTR,SNP,T,T,A,novel,.,TCGA-DD-AACT-01,TCGA-DD-AACT-10,T,T,.,.,.,.,.,.,.,.,.,.,.,.,.,8,8,27,0,ENST00000355999.4:c.*220A>T,,,ENST00000355999,NM_013233.2,,,0.0,.,.,.,.,.,A,.,protein_coding,YES,CCDS42770.1,.,MUTECT|MUSE,.,TGTACTGTGGA,NONE,.,.,.,.,.,ENSP00000348278,.,18/18,.,.,.,.,.,.,.,.,.,18/18,PASS,ENST00000355999,Transcript,.,.,ENSG00000198648,17717,.,.,MODIFIER,.,PRIMARY,.,.,.,.,2,.,.,.,.,.,.,.,STK39_HUMAN,STK39,HGNC,.,.,UPI000013D46D,SNV,"STK39,3_prime_UTR_variant,,ENST00000355999,;STK39,non_coding_transcript_exon_variant,,ENST00000487143,;",2564,27,16,SUCCESS
HOXC9,3225.0,.,GRCh37,12,54394466,54394466,+,missense_variant,Missense_Mutation,SNP,T,T,A,novel,.,TCGA-MI-A75H-01,TCGA-MI-A75H-10,T,T,.,.,.,.,.,.,.,.,.,.,.,.,.,12,4,9,0,ENST00000303450.4:c.494T>A,p.Leu165His,p.L165H,ENST00000303450,NM_006897.1,165.0,cTc/cAc,0.0,.,.,.,.,.,A,L/H,protein_coding,YES,CCDS8869.1,494,MUTECT|RADIA|SOMATICSNIPER|MUSE|VARSCANS,.,CGCGCTCGCCG,NONE,.,.,"hmmpanther:PTHR24326:SF145,hmmpanther:PTHR24326,Pfam_domain:PF04617,PIRSF_domain:PIRSF037109",.,.,ENSP00000302836,.,1/2,.,.,.,.,.,.,.,.,.,1/2,PASS,ENST00000303450,Transcript,.,.,ENSG00000180806,5130,.,.,MODERATE,.,PRIMARY,.,.,.,.,5,.,.,.,possibly_damaging(0.67),.,tolerated(0.24),.,HXC9_HUMAN,HOXC9,HGNC,.,.,UPI000012CF79,SNV,"HOXC9,missense_variant,p.Leu165His,ENST00000303450,;HOXC9,missense_variant,p.Leu165His,ENST00000508190,;HOXC6,intron_variant,,ENST00000509328,;HOXC6,intron_variant,,ENST00000504315,;RP11-834C11.12,intron_variant,,ENST00000513209,;HOXC-AS2,upstream_gene_variant,,ENST00000513533,;HOXC-AS2,upstream_gene_variant,,ENST00000604081,;HOXC-AS1,upstream_gene_variant,,ENST00000505700,;HOXC-AS1,upstream_gene_variant,,ENST00000512427,;HOXC9,intron_variant,,ENST00000504557,;",564,9,16,SUCCESS
FRAS1,80144.0,.,GRCh37,4,79428611,79428611,+,missense_variant,Missense_Mutation,SNP,C,C,T,rs778398446,.,TCGA-DD-A1EF-01,TCGA-DD-A1EF-11,C,C,.,.,.,.,.,.,.,.,.,.,.,.,.,118,47,217,0,ENST00000264895.6:c.9353C>T,p.Ser3118Phe,p.S3118F,ENST00000264895,NM_025074.6,3118.0,tCc/tTc,0.0,.,.,.,.,.,T,S/F,protein_coding,YES,CCDS54771.1,9353,SOMATICSNIPER|RADIA|MUTECT|MUSE|VARSCANS,.,CCTGTCCAATG,NONE,.,.,"hmmpanther:PTHR11878:SF29,hmmpanther:PTHR11878,Pfam_domain:PF03160,SMART_domains:SM00237,Superfamily_domains:SSF141072",.,.,ENSP00000264895,.,62/74,.,.,.,.,.,.,.,.,rs778398446,62/74,PASS,ENST00000264895,Transcript,1,.,ENSG00000138759,19185,.,.,MODERATE,.,PRIMARY,.,.,.,.,5,.,.,.,benign(0.292),.,.,.,FRAS1_HUMAN,FRAS1,HGNC,"Q69YV4_HUMAN,Q4W596_HUMAN",.,UPI000021D4C2,SNV,"FRAS1,missense_variant,p.Ser1347Phe,ENST00000512123,;FRAS1,missense_variant,p.Ser3118Phe,ENST00000264895,;",9793,217,165,SUCCESS
IRF2BP1,26145.0,.,GRCh37,19,46388496,46388496,+,synonymous_variant,Silent,SNP,C,C,A,novel,.,TCGA-DD-AAE4-01,TCGA-DD-AAE4-10,C,C,.,.,.,.,.,.,.,.,.,.,.,.,.,32,26,33,0,ENST00000302165.3:c.537G>T,p.Leu179=,p.L179=,ENST00000302165,NM_015649.1,179.0,ctG/ctT,0.0,.,.,.,.,.,A,L,protein_coding,YES,CCDS12678.1,537,MUTECT|RADIA|SOMATICSNIPER|MUSE|VARSCANS,.,AGCGTCAGGCC,NONE,.,.,"hmmpanther:PTHR10816:SF17,hmmpanther:PTHR10816",.,.,ENSP00000307265,.,1/1,.,.,.,.,.,.,.,.,.,1/1,PASS,ENST00000302165,Transcript,.,.,ENSG00000170604,21728,.,.,LOW,.,PRIMARY,.,.,.,.,5,.,.,.,.,.,.,.,I2BP1_HUMAN,IRF2BP1,HGNC,.,.,UPI00000747C7,SNV,"IRF2BP1,synonymous_variant,p.%3D,ENST00000302165,;MYPOP,downstream_gene_variant,,ENST00000322217,;",881,33,59,SUCCESS
LUM,4060.0,.,GRCh37,12,91502234,91502234,+,missense_variant,Missense_Mutation,SNP,C,C,A,novel,.,TCGA-UB-AA0V-01,TCGA-UB-AA0V-10,C,C,.,.,.,.,.,.,.,.,.,.,.,.,.,87,7,102,0,ENST00000266718.4:c.523G>T,p.Ala175Ser,p.A175S,ENST00000266718,NM_002345.3,175.0,Gct/Tct,0.0,.,.,.,.,.,A,A/S,protein_coding,YES,CCDS9038.1,523,MUTECT|MUSE,.,AACAGCATCCT,NONE,.,.,"PROSITE_profiles:PS51450,hmmpanther:PTHR24371:SF54,hmmpanther:PTHR24371,Pfam_domain:PF13855,Gene3D:3.80.10.10,SMART_domains:SM00369,Superfamily_domains:SSF52058",.,.,ENSP00000266718,.,2/3,.,.,.,.,.,.,.,.,.,2/3,PASS,ENST00000266718,Transcript,.,.,ENSG00000139329,6724,.,.,MODERATE,.,PRIMARY,.,.,.,.,2,.,.,.,benign(0.02),.,tolerated_low_confidence(0.62),.,LUM_HUMAN,LUM,HGNC,.,.,UPI0000001C4D,SNV,"LUM,missense_variant,p.Ala175Ser,ENST00000266718,;LUM,non_coding_transcript_exon_variant,,ENST00000546642,;LUM,intron_variant,,ENST00000548071,;",978,102,94,SUCCESS
PDX1,3651.0,.,GRCh37,13,28498632,28498632,+,missense_variant,Missense_Mutation,SNP,G,G,A,rs1049166702,.,TCGA-BC-A10W-01,TCGA-BC-A10W-11,G,G,.,.,.,.,.,.,.,.,.,.,.,.,.,23,7,35,0,ENST00000381033.4:c.646G>A,p.Gly216Arg,p.G216R,ENST00000381033,NM_000209.3,216.0,Ggg/Agg,0.0,.,.,.,.,.,A,G/R,protein_coding,YES,CCDS9327.1,646,MUTECT|RADIA|SOMATICSNIPER|MUSE|VARSCANS,.,CTGTCGGGGGT,NONE,.,.,"Low_complexity_(Seg):seg,hmmpanther:PTHR24326,hmmpanther:PTHR24326:SF180",.,.,ENSP00000370421,.,2/2,.,.,.,.,.,.,.,.,.,2/2,PASS,ENST00000381033,Transcript,.,.,ENSG00000139515,6107,.,.,MODERATE,.,PRIMARY,.,.,.,.,5,.,.,.,benign(0.203),.,tolerated(0.1),.,PDX1_HUMAN,PDX1,HGNC,.,.,UPI000012D7D9,SNV,"PDX1,missense_variant,p.Gly216Arg,ENST00000381033,;PDX1-AS1,upstream_gene_variant,,ENST00000499662,;",765,35,31,SUCCESS
IRS4,8471.0,.,GRCh37,X,107979138,107979138,+,missense_variant,Missense_Mutation,SNP,C,C,T,novel,.,TCGA-DD-A4NJ-01,TCGA-DD-A4NJ-10,C,C,.,.,.,.,.,.,.,.,.,.,.,.,.,72,18,67,0,ENST00000372129.2:c.437G>A,p.Arg146His,p.R146H,ENST00000372129,NM_003604.2,146.0,cGc/cAc,0.0,.,.,.,.,.,T,R/H,protein_coding,YES,CCDS14544.1,437,RADIA|MUTECT|MUSE|VARSCANS,.,TCACGCGCCGC,NONE,.,.,"Superfamily_domains:SSF50729,SMART_domains:SM00233,Gene3D:2.30.29.30,hmmpanther:PTHR10614,hmmpanther:PTHR10614:SF2,PROSITE_profiles:PS50003",.,.,ENSP00000361202,.,1/1,.,.,.,.,.,.,.,.,.,1/1,PASS,ENST00000372129,Transcript,.,.,ENSG00000133124,6128,.,.,MODERATE,.,PRIMARY,.,.,.,.,4,.,.,.,probably_damaging(0.995),.,deleterious(0),.,IRS4_HUMAN,IRS4,HGNC,.,.,UPI0000073FE7,SNV,"IRS4,missense_variant,p.Arg146His,ENST00000372129,;RP6-24A23.6,upstream_gene_variant,,ENST00000563887,;RP6-24A23.3,upstream_gene_variant,,ENST00000608811,;RP6-24A23.3,upstream_gene_variant,,ENST00000436013,;",514,67,90,SUCCESS
AMD1,262.0,.,GRCh37,6,111196314,111196314,+,synonymous_variant,Silent,SNP,A,A,G,novel,.,TCGA-WX-AA46-01,TCGA-WX-AA46-10,A,A,.,.,.,.,.,.,.,.,.,.,.,.,.,49,9,43,0,ENST00000368885.3:c.6A>G,p.Glu2=,p.E2=,ENST00000368885,NM_001634.4,2.0,gaA/gaG,0.0,.,.,.,.,.,G,E,protein_coding,YES,CCDS5086.1,6,SOMATICSNIPER|RADIA|MUTECT|MUSE|VARSCANS,.,ATGGAAGCTGC,NONE,.,.,"PIRSF_domain:PIRSF001355,hmmpanther:PTHR11570",.,.,ENSP00000357880,.,1/9,.,.,.,.,.,.,.,.,.,1/9,PASS,ENST00000368885,Transcript,.,.,ENSG00000123505,457,.,.,LOW,.,PRIMARY,.,.,.,.,5,.,.,.,.,.,.,.,DCAM_HUMAN,AMD1,HGNC,Q5VXN5_HUMAN,.,UPI0000140D27,SNV,"AMD1,synonymous_variant,p.%3D,ENST00000451850,;AMD1,synonymous_variant,p.%3D,ENST00000368877,;AMD1,synonymous_variant,p.%3D,ENST00000368885,;AMD1,5_prime_UTR_variant,,ENST00000368882,;AMD1,upstream_gene_variant,,ENST00000368876,;",342,43,58,SUCCESS
THOC1,9984.0,.,GRCh37,18,224989,224989,+,missense_variant,Missense_Mutation,SNP,T,T,C,novel,.,TCGA-DD-AAD6-01,TCGA-DD-AAD6-10,T,T,.,.,.,.,.,.,.,.,.,.,.,.,.,12,44,120,0,ENST00000261600.6:c.1143A>G,p.Ile381Met,p.I381M,ENST00000261600,NM_005131.2,381.0,atA/atG,0.0,.,.,.,.,.,C,I/M,protein_coding,YES,CCDS45820.1,1143,SOMATICSNIPER|RADIA|MUTECT|MUSE|VARSCANS,.,TTTAATATATG,NONE,.,.,"hmmpanther:PTHR13265,hmmpanther:PTHR13265:SF0,Pfam_domain:PF11957",.,.,ENSP00000261600,.,15/21,.,.,.,.,.,.,.,.,.,15/21,PASS,ENST00000261600,Transcript,.,.,ENSG00000079134,19070,.,.,MODERATE,.,PRIMARY,.,.,.,.,5,.,.,.,possibly_damaging(0.789),.,tolerated(0.12),.,THOC1_HUMAN,THOC1,HGNC,.,.,UPI0000071782,SNV,"THOC1,missense_variant,p.Ile381Met,ENST00000261600,;THOC1,missense_variant,p.Ile112Met,ENST00000579891,;THOC1,3_prime_UTR_variant,,ENST00000580038,;THOC1,non_coding_transcript_exon_variant,,ENST00000583228,;THOC1,non_coding_transcript_exon_variant,,ENST00000578529,;THOC1,non_coding_transcript_exon_variant,,ENST00000577552,;THOC1,non_coding_transcript_exon_variant,,ENST00000579232,;THOC1,non_coding_transcript_exon_variant,,ENST00000584470,;",1151,120,56,SUCCESS
PSD,5662.0,.,GRCh37,10,104172332,104172332,+,"splice_region_variant,synonymous_variant",Splice_Region,SNP,G,G,A,rs367759715,.,TCGA-G3-AAV5-01,TCGA-G3-AAV5-10,G,G,.,.,.,.,.,.,.,.,.,.,.,.,.,38,3,36,0,ENST00000020673.5:c.1554C>T,,p.X518_splice,ENST00000020673,NM_001270966.1,518.0,agC/agT,0.0,A:0,A:0.0008,.,A:0,.,A,S,protein_coding,YES,CCDS31272.1,1554,MUTECT|MUSE,.,GGTTCGCTGCC,NONE,byCluster|by1000G,.,"hmmpanther:PTHR10663,hmmpanther:PTHR10663:SF115",A:0,A:0.0001,ENSP00000020673,A:0,6/17,.,.,.,.,.,.,.,.,rs367759715,6/17,PASS,ENST00000020673,Transcript,.,A:0.0002,ENSG00000059915,9507,.,.,LOW,.,PRIMARY,.,.,.,.,2,.,.,.,.,A:0,.,.,PSD1_HUMAN,PSD,HGNC,.,.,UPI0000404928,SNV,"PSD,synonymous_variant,p.%3D,ENST00000020673,;PSD,synonymous_variant,p.%3D,ENST00000406432,;PSD,upstream_gene_variant,,ENST00000488194,;PSD,downstream_gene_variant,,ENST00000492902,;PSD,downstream_gene_variant,,ENST00000472685,;PSD,upstream_gene_variant,,ENST00000461698,;",2081,36,41,SUCCESS
ZBTB18,10472.0,.,GRCh37,1,244214662,244214662,+,5_prime_UTR_variant,5'UTR,SNP,G,G,C,novel,.,TCGA-G3-A5SL-01,TCGA-G3-A5SL-10,G,G,.,.,.,.,.,.,.,.,.,.,.,.,.,66,4,53,0,ENST00000358704.4:c.-72G>C,,p.*24*,ENST00000358704,NM_205768.2,,,0.0,.,.,.,.,.,C,.,protein_coding,YES,CCDS1622.1,.,MUTECT|MUSE,.,TCTTAGTCTGC,NONE,.,.,.,.,.,ENSP00000351539,.,1/2,.,.,.,.,.,.,.,.,.,1/2,PASS,ENST00000358704,Transcript,.,.,ENSG00000179456,13030,.,.,MODIFIER,.,PRIMARY,.,.,.,.,2,.,.,.,.,.,.,.,ZBT18_HUMAN,ZBTB18,HGNC,.,.,UPI000034ECE2,SNV,"ZBTB18,5_prime_UTR_variant,,ENST00000358704,;RP11-278H7.1,downstream_gene_variant,,ENST00000440494,;",78,53,70,SUCCESS
MASP1,5648.0,.,GRCh37,3,186937840,186937840,+,3_prime_UTR_variant,3'UTR,SNP,T,T,A,novel,.,TCGA-LG-A6GG-01,TCGA-LG-A6GG-10,T,T,.,.,.,.,.,.,.,.,.,.,.,.,.,33,28,71,0,ENST00000337774.5:c.*19A>T,,,ENST00000337774,NM_001879.5,,,0.0,.,.,.,.,.,A,.,protein_coding,.,CCDS33907.1,.,MUTECT|RADIA|SOMATICSNIPER|MUSE|VARSCANS,.,GGTGCTGGGGC,NONE,.,.,.,.,.,ENSP00000336792,.,16/16,.,.,.,.,.,.,.,.,.,16/16,PASS,ENST00000337774,Transcript,.,.,ENSG00000127241,6901,.,.,MODIFIER,.,PRIMARY,.,.,.,.,5,.,.,.,.,.,.,.,MASP1_HUMAN,MASP1,HGNC,C9JLU5_HUMAN,.,UPI0000161FB8,SNV,"MASP1,3_prime_UTR_variant,,ENST00000337774,;",2509,71,61,SUCCESS
MYOM1,8736.0,.,GRCh37,18,3067314,3067314,+,synonymous_variant,Silent,SNP,C,C,T,novel,.,TCGA-KR-A7K0-01,TCGA-KR-A7K0-10,C,C,.,.,.,.,.,.,.,.,.,.,.,.,.,77,22,90,0,ENST00000356443.4:c.5004G>A,p.Glu1668=,p.E1668=,ENST00000356443,NM_019856.1,1668.0,gaG/gaA,0.0,.,.,.,.,.,T,E,protein_coding,YES,CCDS45824.1,5004,SOMATICSNIPER|RADIA|MUTECT|MUSE|VARSCANS,.,GCCTCCTCCTC,NONE,.,.,.,.,.,ENSP00000348821,.,38/38,.,.,.,.,.,.,.,.,.,38/38,PASS,ENST00000356443,Transcript,.,.,ENSG00000101605,7613,.,.,LOW,.,PRIMARY,.,.,.,.,5,.,.,.,.,.,.,.,MYOM1_HUMAN,MYOM1,HGNC,.,.,UPI000022A657,SNV,"MYOM1,synonymous_variant,p.%3D,ENST00000356443,;MYOM1,synonymous_variant,p.%3D,ENST00000400569,;MYOM1,synonymous_variant,p.%3D,ENST00000261606,;MYOM1,non_coding_transcript_exon_variant,,ENST00000581804,;",5338,90,99,SUCCESS
ZMYM5,9205.0,.,GRCh37,13,20426199,20426199,+,missense_variant,Missense_Mutation,SNP,G,G,C,novel,.,TCGA-DD-A3A8-01,TCGA-DD-A3A8-11,G,G,.,.,.,.,.,.,.,.,.,.,.,.,.,63,31,73,0,ENST00000337963.4:c.122C>G,p.Pro41Arg,p.P41R,ENST00000337963,NM_001142684.1,41.0,cCt/cGt,0.0,.,.,.,.,.,C,P/R,protein_coding,YES,CCDS31942.1,122,MUTECT|RADIA|SOMATICSNIPER|MUSE|VARSCANS,.,CTAAAGGACAA,NONE,.,.,.,.,.,ENSP00000372361,.,3/6,.,.,.,.,.,.,.,.,.,3/6,PASS,ENST00000382905,Transcript,.,.,ENSG00000132950,13029,.,.,MODERATE,.,PRIMARY,.,.,.,.,5,.,.,.,probably_damaging(0.972),.,deleterious_low_confidence(0.02),.,ZMYM5_HUMAN,ZMYM5,HGNC,.,.,UPI0000070FA9,SNV,"ZMYM5,missense_variant,p.Pro41Arg,ENST00000382907,;ZMYM5,missense_variant,p.Pro41Arg,ENST00000337963,;ZMYM5,missense_variant,p.Pro41Arg,ENST00000382905,;ZMYM5,missense_variant,p.Pro31Arg,ENST00000502168,;ZMYM5,non_coding_transcript_exon_variant,,ENST00000467542,;ZMYM5,non_coding_transcript_exon_variant,,ENST00000495534,;ZMYM5,non_coding_transcript_exon_variant,,ENST00000535942,;ZMYM5,upstream_gene_variant,,ENST00000382909,;",275,73,95,SUCCESS
SNX18,112574.0,.,GRCh37,5,53815382,53815382,+,missense_variant,Missense_Mutation,SNP,G,G,T,novel,.,TCGA-MI-A75G-01,TCGA-MI-A75G-10,G,G,.,.,.,.,.,.,.,.,.,.,.,.,.,187,7,141,0,ENST00000326277.3:c.1600G>T,p.Asp534Tyr,p.D534Y,ENST00000326277,NM_052870.2,534.0,Gac/Tac,0.0,.,.,.,.,.,T,D/Y,protein_coding,YES,CCDS3962.1,1600,MUTECT|MUSE,.,TCCCGGACATC,NONE,.,.,"hmmpanther:PTHR10555:SF13,hmmpanther:PTHR10555,Pfam_domain:PF10456,PIRSF_domain:PIRSF027744",.,.,ENSP00000317332,.,1/1,.,.,.,.,.,.,.,.,.,1/1,PASS,ENST00000326277,Transcript,.,.,ENSG00000178996,19245,.,.,MODERATE,.,PRIMARY,.,.,.,.,2,.,.,.,probably_damaging(1),.,deleterious(0),.,SNX18_HUMAN,SNX18,HGNC,.,.,UPI00001418B0,SNV,"SNX18,missense_variant,p.Asp534Tyr,ENST00000326277,;SNX18,missense_variant,p.Asp534Tyr,ENST00000343017,;SNX18,missense_variant,p.Asp534Tyr,ENST00000381410,;",1790,141,194,SUCCESS
MYH11,4629.0,.,GRCh37,16,15857692,15857692,+,missense_variant,Missense_Mutation,SNP,C,C,T,novel,.,TCGA-DD-A73G-01,TCGA-DD-A73G-10,C,C,.,.,.,.,.,.,.,.,.,.,.,.,.,34,29,84,0,ENST00000300036.5:c.1090G>A,p.Glu364Lys,p.E364K,ENST00000300036,NM_002474.2,364.0,Gaa/Aaa,0.0,.,.,.,.,.,T,E/K,protein_coding,YES,CCDS45423.1,1111,SOMATICSNIPER|RADIA|MUTECT|MUSE|VARSCANS,.,TCTTTCCTTCT,NONE,.,.,"Superfamily_domains:SSF52540,SMART_domains:SM00242,Pfam_domain:PF00063,hmmpanther:PTHR13140:SF335,hmmpanther:PTHR13140,PROSITE_profiles:PS51456",.,.,ENSP00000379616,.,11/42,.,.,.,.,.,.,.,.,.,11/42,PASS,ENST00000396324,Transcript,.,.,ENSG00000133392,7569,.,.,MODERATE,.,PRIMARY,.,.,.,.,5,.,.,.,probably_damaging(0.996),.,.,.,MYH11_HUMAN,MYH11,HGNC,"Q68D89_HUMAN,Q66K75_HUMAN",.,UPI00005B7237,SNV,"MYH11,missense_variant,p.Glu371Lys,ENST00000452625,;MYH11,missense_variant,p.Glu364Lys,ENST00000576790,;MYH11,missense_variant,p.Glu364Lys,ENST00000300036,;MYH11,missense_variant,p.Glu371Lys,ENST00000396324,;MYH11,non_coding_transcript_exon_variant,,ENST00000570785,;",1199,84,64,SUCCESS
COL6A3,1293.0,.,GRCh37,2,238245049,238245049,+,synonymous_variant,Silent,SNP,A,A,G,rs537384335,.,TCGA-FV-A495-01,TCGA-FV-A495-10,A,A,.,.,.,.,.,.,.,.,.,.,.,.,.,83,21,71,0,ENST00000295550.4:c.8694T>C,p.Thr2898=,p.T2898=,ENST00000295550,NM_004369.3,2898.0,acT/acC,0.0,.,G:0,.,G:0,.,G,T,protein_coding,YES,CCDS33412.1,8694,MUTECT|RADIA|SOMATICSNIPER|MUSE|VARSCANS,.,ATAATAGTCAC,NONE,by1000G,.,Low_complexity_(Seg):seg,G:0.001,.,ENSP00000295550,G:0,40/44,.,.,.,.,.,.,.,.,rs537384335,40/44,PASS,ENST00000295550,Transcript,.,G:0.0002,ENSG00000163359,2213,.,.,LOW,.,PRIMARY,.,.,.,.,5,.,.,.,.,G:0,.,.,CO6A3_HUMAN,COL6A3,HGNC,"Q8N4Z1_HUMAN,D9ZGF2_HUMAN",.,UPI0000456F39,SNV,"COL6A3,synonymous_variant,p.%3D,ENST00000472056,;COL6A3,synonymous_variant,p.%3D,ENST00000409809,;COL6A3,synonymous_variant,p.%3D,ENST00000295550,;COL6A3,synonymous_variant,p.%3D,ENST00000347401,;COL6A3,synonymous_variant,p.%3D,ENST00000346358,;COL6A3,synonymous_variant,p.%3D,ENST00000353578,;COL6A3,upstream_gene_variant,,ENST00000493608,;COL6A3,non_coding_transcript_exon_variant,,ENST00000491769,;COL6A3,downstream_gene_variant,,ENST00000468792,;",9147,71,104,SUCCESS
PNLIPRP1,5407.0,.,GRCh37,10,118360697,118360697,+,missense_variant,Missense_Mutation,SNP,G,G,T,novel,.,TCGA-RC-A6M6-01,TCGA-RC-A6M6-10,G,G,.,.,.,.,.,.,.,.,.,.,.,.,.,33,21,52,0,ENST00000358834.4:c.1047G>T,p.Glu349Asp,p.E349D,ENST00000358834,NM_006229.2,349.0,gaG/gaT,0.0,.,.,.,.,.,T,E/D,protein_coding,YES,CCDS7595.1,1047,MUTECT|RADIA|SOMATICSNIPER|MUSE|VARSCANS,.,GGAGAGGCTAG,NONE,.,.,"hmmpanther:PTHR11610:SF93,hmmpanther:PTHR11610,Gene3D:3.40.50.1820,Pfam_domain:PF00151,PIRSF_domain:PIRSF000865,Superfamily_domains:SSF53474",.,.,ENSP00000433933,.,10/13,.,.,.,.,.,.,.,.,.,10/13,PASS,ENST00000528052,Transcript,.,.,ENSG00000187021,9156,.,.,MODERATE,.,PRIMARY,.,.,.,.,5,.,.,.,benign(0),.,tolerated(1),.,LIPR1_HUMAN,PNLIPRP1,HGNC,"E9PR20_HUMAN,E9PMA6_HUMAN",.,UPI000012E6AA,SNV,"PNLIPRP1,missense_variant,p.Glu349Asp,ENST00000358834,;PNLIPRP1,missense_variant,p.Glu349Asp,ENST00000534537,;PNLIPRP1,missense_variant,p.Glu349Asp,ENST00000528052,;PNLIPRP1,downstream_gene_variant,,ENST00000527980,;PNLIPRP1,downstream_gene_variant,,ENST00000530319,;PNLIPRP1,downstream_gene_variant,,ENST00000531984,;PNLIPRP1,3_prime_UTR_variant,,ENST00000482833,;PNLIPRP1,non_coding_transcript_exon_variant,,ENST00000525820,;PNLIPRP1,non_coding_transcript_exon_variant,,ENST00000531825,;PNLIPRP1,non_coding_transcript_exon_variant,,ENST00000526223,;PNLIPRP1,downstream_gene_variant,,ENST00000497792,;PNLIPRP1,downstream_gene_variant,,ENST00000534513,;",1118,52,55,SUCCESS
RNF217,154214.0,.,GRCh37,6,125402633,125402633,+,missense_variant,Missense_Mutation,SNP,G,G,T,rs779617698,.,TCGA-DD-A113-01,TCGA-DD-A113-11,G,G,.,.,.,.,.,.,.,.,.,.,.,.,.,246,24,257,0,ENST00000521654.2:c.1535G>T,p.Gly512Val,p.G512V,ENST00000521654,NM_001286398.1,512.0,gGg/gTg,0.0,.,.,.,.,.,T,G/V,protein_coding,YES,CCDS5129.1,659,MUTECT|MUSE|VARSCANS,.,ACTAGGGGCCA,NONE,.,.,"Transmembrane_helices:TMhelix,hmmpanther:PTHR11685,hmmpanther:PTHR11685:SF103",.,.,ENSP00000352734,.,7/9,.,.,.,.,.,.,.,.,rs779617698,7/9,nonpreferredpair,ENST00000359704,Transcript,.,.,ENSG00000146373,21487,.,.,MODERATE,.,PRIMARY,.,.,.,.,3,.,.,.,possibly_damaging(0.541),.,deleterious(0.01),.,RN217_HUMAN,RNF217,HGNC,.,.,UPI000007307D,SNV,"RNF217,missense_variant,p.Gly512Val,ENST00000521654,;RNF217,missense_variant,p.Gly74Val,ENST00000368414,;RNF217,missense_variant,p.Gly277Val,ENST00000560949,;RNF217,missense_variant,p.Gly156Val,ENST00000275184,;RNF217,missense_variant,p.Gly220Val,ENST00000359704,;RNF217,3_prime_UTR_variant,,ENST00000519565,;RNF217,non_coding_transcript_exon_variant,,ENST00000368415,;RNF217,downstream_gene_variant,,ENST00000432158,;",997,257,270,SUCCESS
OCM,654231.0,.,GRCh37,7,5923521,5923521,+,"missense_variant,splice_region_variant",Missense_Mutation,SNP,G,G,T,rs1482427502,.,TCGA-DD-AADV-01,TCGA-DD-AADV-10,G,G,.,.,.,.,.,.,.,.,.,.,.,.,.,72,52,115,0,ENST00000242104.5:c.195G>T,p.Lys65Asn,p.K65N,ENST00000242104,NM_001097622.1,65.0,aaG/aaT,0.0,.,.,.,.,.,T,K/N,protein_coding,YES,CCDS43548.1,195,MUTECT|RADIA|SOMATICSNIPER|MUSE|VARSCANS,.,TGTAGGTTTTT,NONE,.,.,"Low_complexity_(Seg):seg,Prints_domain:PR01697,Superfamily_domains:SSF47473,SMART_domains:SM00054,Pfam_domain:PF13499,Gene3D:1.10.238.10,hmmpanther:PTHR11653:SF8,hmmpanther:PTHR11653,PROSITE_profiles:PS50222",.,.,ENSP00000242104,.,3/4,.,.,.,.,.,.,.,.,.,3/4,PASS,ENST00000242104,Transcript,.,.,ENSG00000122543,8105,.,.,MODERATE,.,PRIMARY,.,.,.,.,5,.,.,.,possibly_damaging(0.887),.,deleterious(0.02),.,ONCO_HUMAN,OCM,HGNC,.,.,UPI00001D7522,SNV,"OCM,missense_variant,p.Lys65Asn,ENST00000416608,;OCM,missense_variant,p.Lys65Asn,ENST00000242104,;",287,115,125,SUCCESS
C22orf46,79640.0,.,GRCh37,22,42091473,42091473,+,3_prime_UTR_variant,3'UTR,SNP,G,G,A,novel,.,TCGA-DD-AAE1-01,TCGA-DD-AAE1-10,G,G,.,.,.,.,.,.,.,.,.,.,.,.,.,126,72,203,0,ENST00000402966.1:c.*1491G>A,,,ENST00000402966,NM_001142964.1,,,0.0,.,.,.,.,.,A,.,protein_coding,YES,CCDS46717.1,.,SOMATICSNIPER|RADIA|MUTECT|MUSE|VARSCANS,.,ATGGTGCACAT,NONE,.,.,.,.,.,ENSP00000385467,.,2/2,.,.,.,.,.,.,.,.,.,2/2,PASS,ENST00000402966,Transcript,.,.,ENSG00000184208,26294,.,.,MODIFIER,.,PRIMARY,.,.,.,.,5,.,.,.,.,.,.,.,CV046_HUMAN,C22orf46,HGNC,.,.,UPI00018962D9,SNV,"C22orf46,3_prime_UTR_variant,,ENST00000402966,;NHP2L1,upstream_gene_variant,,ENST00000402458,;MEI1,upstream_gene_variant,,ENST00000300398,;MEI1,upstream_gene_variant,,ENST00000401548,;MEI1,upstream_gene_variant,,ENST00000540833,;MEI1,upstream_gene_variant,,ENST00000400107,;C22orf46,downstream_gene_variant,,ENST00000472110,;Z83840.1,non_coding_transcript_exon_variant,,ENST00000539984,;",2308,203,199,SUCCESS
SLITRK3,22865.0,.,GRCh37,3,164908372,164908372,+,missense_variant,Missense_Mutation,SNP,A,A,G,novel,.,TCGA-DD-A3A9-01,TCGA-DD-A3A9-11,A,A,.,.,.,.,.,.,.,.,.,.,.,.,.,27,3,34,0,ENST00000241274.3:c.247T>C,p.Tyr83His,p.Y83H,ENST00000241274,NM_014926.2,83.0,Tat/Cat,0.0,.,.,.,.,.,G,Y/H,protein_coding,YES,CCDS3197.1,247,MUTECT|MUSE,.,CAGATACAGTT,CODON|p.Y83Y|c.249T>C|3,.,.,"hmmpanther:PTHR24373:SF14,hmmpanther:PTHR24373,Gene3D:3.80.10.10,Superfamily_domains:SSF52058",.,.,ENSP00000420091,.,2/2,.,.,.,.,.,.,.,.,.,2/2,PASS,ENST00000475390,Transcript,.,.,ENSG00000121871,23501,.,.,MODERATE,.,PRIMARY,.,.,.,.,2,.,.,.,possibly_damaging(0.548),.,deleterious(0.03),.,SLIK3_HUMAN,SLITRK3,HGNC,C9K0R4_HUMAN,.,UPI000004F259,SNV,"SLITRK3,missense_variant,p.Tyr83His,ENST00000497724,;SLITRK3,missense_variant,p.Tyr83His,ENST00000475390,;SLITRK3,missense_variant,p.Tyr83His,ENST00000241274,;",691,34,30,SUCCESS
ARPC1B,10095.0,.,GRCh37,7,98987539,98987539,+,missense_variant,Missense_Mutation,SNP,A,A,G,novel,.,TCGA-MI-A75G-01,TCGA-MI-A75G-10,A,A,.,.,.,.,.,.,.,.,.,.,.,.,.,108,29,49,0,ENST00000252725.5:c.404A>G,p.Lys135Arg,p.K135R,ENST00000252725,NM_005720.3,135.0,aAg/aGg,0.0,.,.,.,.,.,G,K/R,protein_coding,YES,CCDS5661.1,404,SOMATICSNIPER|RADIA|MUTECT|MUSE|VARSCANS,.,TTGCAAGCACA,NONE,.,.,"hmmpanther:PTHR10709,hmmpanther:PTHR10709:SF10,Gene3D:2.130.10.10,Pfam_domain:PF00400,PIRSF_domain:PIRSF038093,SMART_domains:SM00320,Superfamily_domains:SSF50978",.,.,ENSP00000389631,.,7/12,.,.,.,.,.,.,.,.,.,7/12,PASS,ENST00000451682,Transcript,.,.,ENSG00000130429,704,.,.,MODERATE,.,PRIMARY,.,.,.,.,5,.,.,.,probably_damaging(0.997),.,tolerated(0.08),.,ARC1B_HUMAN,ARPC1B,HGNC,"F8VXW2_HUMAN,C9K057_HUMAN,C9JTT6_HUMAN,C9JQM8_HUMAN,C9JM51_HUMAN,C9JFG9_HUMAN,C9JEY1_HUMAN,C9JBJ7_HUMAN,C9J6C8_HUMAN,C9J4Z7_HUMAN,A4D275_HUMAN",.,UPI0000125D33,SNV,"ARPC1B,missense_variant,p.Lys135Arg,ENST00000451682,;ARPC1B,missense_variant,p.Lys135Arg,ENST00000252725,;ARPC1B,downstream_gene_variant,,ENST00000431816,;ARPC1B,downstream_gene_variant,,ENST00000443222,;ARPC1B,downstream_gene_variant,,ENST00000414376,;ARPC1B,downstream_gene_variant,,ENST00000417330,;ARPC1B,downstream_gene_variant,,ENST00000418347,;ARPC1B,downstream_gene_variant,,ENST00000429246,;ARPC1A,downstream_gene_variant,,ENST00000432884,;ARPC1B,downstream_gene_variant,,ENST00000427217,;ARPC1B,downstream_gene_variant,,ENST00000458033,;ARPC1B,downstream_gene_variant,,ENST00000455009,;ARPC1B,downstream_gene_variant,,ENST00000493403,;PDAP1,downstream_gene_variant,,ENST00000496335,;ARPC1B,upstream_gene_variant,,ENST00000463078,;ARPC1B,downstream_gene_variant,,ENST00000474880,;ARPC1B,3_prime_UTR_variant,,ENST00000432343,;ARPC1B,3_prime_UTR_variant,,ENST00000445924,;ARPC1B,non_coding_transcript_exon_variant,,ENST00000484375,;ARPC1B,non_coding_transcript_exon_variant,,ENST00000468337,;ARPC1B,non_coding_transcript_exon_variant,,ENST00000484600,;ARPC1B,upstream_gene_variant,,ENST00000491294,;ARPC1A,downstream_gene_variant,,ENST00000441989,;ARPC1B,upstream_gene_variant,,ENST00000481997,;",713,49,137,SUCCESS
GRAMD2,0.0,.,GRCh37,15,72455767,72455767,+,missense_variant,Missense_Mutation,SNP,G,G,A,novel,.,TCGA-FV-A495-01,TCGA-FV-A495-10,G,G,.,.,.,.,.,.,.,.,.,.,.,.,.,67,34,66,0,ENST00000309731.7:c.796C>T,p.Pro266Ser,p.P266S,ENST00000309731,NM_001012642.2,266.0,Ccc/Tcc,0.0,.,.,.,.,.,A,P/S,protein_coding,YES,CCDS32283.1,796,MUTECT|RADIA|SOMATICSNIPER|MUSE|VARSCANS,.,CATGGGCCATG,NONE,.,.,"hmmpanther:PTHR23319:SF7,hmmpanther:PTHR23319",.,.,ENSP00000311657,.,10/12,.,.,.,.,.,.,.,.,.,10/12,PASS,ENST00000309731,Transcript,.,.,ENSG00000175318,27287,.,.,MODERATE,.,PRIMARY,.,.,.,.,5,.,.,.,benign(0.003),.,tolerated(0.62),.,GRAM2_HUMAN,GRAMD2,HGNC,B4E188_HUMAN,.,UPI00001FE7DE,SNV,"GRAMD2,missense_variant,p.Pro266Ser,ENST00000309731,;GRAMD2,downstream_gene_variant,,ENST00000564129,;GRAMD2,downstream_gene_variant,,ENST00000570275,;GRAMD2,downstream_gene_variant,,ENST00000568594,;GRAMD2,non_coding_transcript_exon_variant,,ENST00000564184,;GRAMD2,non_coding_transcript_exon_variant,,ENST00000565233,;GRAMD2,non_coding_transcript_exon_variant,,ENST00000567662,;GRAMD2,non_coding_transcript_exon_variant,,ENST00000567029,;GRAMD2,intron_variant,,ENST00000564773,;GRAMD2,downstream_gene_variant,,ENST00000567637,;GRAMD2,downstream_gene_variant,,ENST00000562288,;",810,66,101,SUCCESS
NBEA,26960.0,.,GRCh37,13,35615180,35615180,+,missense_variant,Missense_Mutation,SNP,A,A,T,novel,.,TCGA-4R-AA8I-01,TCGA-4R-AA8I-10,A,A,.,.,.,.,.,.,.,.,.,.,.,.,.,8,40,115,0,ENST00000400445.3:c.405A>T,p.Glu135Asp,p.E135D,ENST00000400445,NM_015678.4,135.0,gaA/gaT,0.0,.,.,.,.,.,T,E/D,protein_coding,YES,CCDS45026.1,405,MUTECT|RADIA|SOMATICSNIPER|MUSE|VARSCANS,.,GCAGAAATATG,NONE,.,.,"hmmpanther:PTHR13743:SF62,hmmpanther:PTHR13743",.,.,ENSP00000383295,.,2/58,.,.,.,.,.,.,.,.,.,2/58,PASS,ENST00000400445,Transcript,.,.,ENSG00000172915,7648,.,.,MODERATE,.,PRIMARY,.,.,.,.,5,.,.,.,probably_damaging(0.997),.,deleterious(0),.,NBEA_HUMAN,NBEA,HGNC,.,.,UPI00004FF92F,SNV,"NBEA,missense_variant,p.Glu135Asp,ENST00000400445,;NBEA,missense_variant,p.Glu135Asp,ENST00000540320,;NBEA,missense_variant,p.Glu135Asp,ENST00000310336,;NBEA,missense_variant,p.Glu135Asp,ENST00000379939,;",939,115,48,SUCCESS
SEMA3A,10371.0,.,GRCh37,7,83675692,83675692,+,synonymous_variant,Silent,SNP,A,A,C,rs548421717,.,TCGA-LG-A6GG-01,TCGA-LG-A6GG-11,A,A,.,.,.,.,.,.,.,.,.,.,.,.,.,144,60,99,0,ENST00000265362.4:c.615T>G,p.Leu205=,p.L205=,ENST00000265362,NM_006080.2,205.0,ctT/ctG,0.0,.,G:0.0008,.,G:0,.,C,L,protein_coding,YES,CCDS5599.1,615,SOMATICSNIPER|RADIA|MUTECT|MUSE|VARSCANS,.,TGCCCAAGAGT,NONE,by1000G,.,"PROSITE_profiles:PS51004,hmmpanther:PTHR11036:SF23,hmmpanther:PTHR11036,Pfam_domain:PF01403,Gene3D:2.130.10.10,SMART_domains:SM00630,Superfamily_domains:SSF101912",G:0,.,ENSP00000265362,G:0,6/17,.,.,.,.,.,.,.,.,rs548421717,6/17,nonpreferredpair,ENST00000265362,Transcript,.,G:0.0002,ENSG00000075213,10723,.,.,LOW,.,PRIMARY,.,.,.,.,5,.,.,.,.,G:0,.,.,SEM3A_HUMAN,SEMA3A,HGNC,"Q86UJ2_HUMAN,Q75MQ2_HUMAN,C9JD25_HUMAN,C9J9C4_HUMAN",.,UPI0000135A60,SNV,"SEMA3A,synonymous_variant,p.%3D,ENST00000265362,;SEMA3A,synonymous_variant,p.%3D,ENST00000436949,;",930,99,204,SUCCESS
FCGBP,8857.0,.,GRCh37,19,40366455,40366455,+,synonymous_variant,Silent,SNP,C,C,T,novel,.,TCGA-G3-AAV0-01,TCGA-G3-AAV0-10,C,C,.,.,.,.,.,.,.,.,.,.,.,.,.,191,54,137,0,ENST00000221347.6:c.13779G>A,p.Gly4593=,p.G4593=,ENST00000221347,NM_003890.2,4593.0,ggG/ggA,0.0,.,.,.,.,.,T,G,protein_coding,YES,CCDS12546.1,13779,SOMATICSNIPER|RADIA|MUTECT|MUSE|VARSCANS,.,CTGTCCCCATC,NONE,.,.,"PROSITE_profiles:PS51233,hmmpanther:PTHR11339:SF244,hmmpanther:PTHR11339,Pfam_domain:PF00094,SMART_domains:SM00216",.,.,ENSP00000221347,.,30/36,.,.,.,.,.,.,.,.,.,30/36,PASS,ENST00000221347,Transcript,.,.,ENSG00000090920,13572,.,.,LOW,.,PRIMARY,.,.,.,.,5,.,.,.,.,.,.,.,FCGBP_HUMAN,FCGBP,HGNC,.,.,UPI00001B0455,SNV,"FCGBP,synonymous_variant,p.%3D,ENST00000221347,;",13787,137,245,SUCCESS
FSD2,123722.0,.,GRCh37,15,83437679,83437679,+,synonymous_variant,Silent,SNP,A,A,G,rs749681750,.,TCGA-LG-A6GG-01,TCGA-LG-A6GG-11,A,A,.,.,.,.,.,.,.,.,.,.,.,.,.,40,31,67,0,ENST00000334574.8:c.1506T>C,p.Thr502=,p.T502=,ENST00000334574,,502.0,acT/acC,0.0,.,.,.,.,.,G,T,protein_coding,YES,CCDS45332.1,1506,SOMATICSNIPER|RADIA|MUTECT|MUSE|VARSCANS,.,TCCACAGTGTA,NONE,.,.,"PROSITE_profiles:PS50853,hmmpanther:PTHR24099:SF6,hmmpanther:PTHR24099,Gene3D:2.60.40.10,SMART_domains:SM00060,Superfamily_domains:SSF49265",.,.,ENSP00000335651,.,9/13,.,.,.,.,.,.,.,.,rs749681750,9/13,nonpreferredpair,ENST00000334574,Transcript,.,.,ENSG00000186628,18024,.,.,LOW,.,PRIMARY,.,.,.,.,5,.,.,.,.,.,.,.,FSD2_HUMAN,FSD2,HGNC,H0YLA8_HUMAN,.,UPI0000161097,SNV,"FSD2,synonymous_variant,p.%3D,ENST00000334574,;FSD2,synonymous_variant,p.%3D,ENST00000541889,;",1688,67,71,SUCCESS
AP2B1,163.0,.,GRCh37,17,33932839,33932839,+,missense_variant,Missense_Mutation,SNP,G,G,T,novel,.,TCGA-ED-A7PY-01,TCGA-ED-A7PY-10,G,G,.,.,.,.,.,.,.,.,.,.,.,.,.,53,31,74,0,ENST00000312678.8:c.259G>T,p.Ala87Ser,p.A87S,ENST00000312678,NM_001030006.1,87.0,Gct/Tct,0.0,.,.,.,.,.,T,A/S,protein_coding,YES,CCDS32621.1,259,SOMATICSNIPER|RADIA|MUTECT|MUSE|VARSCANS,.,TCATGGCTGTA,NONE,.,.,"hmmpanther:PTHR11134,hmmpanther:PTHR11134:SF9,Pfam_domain:PF01602,Gene3D:1.25.10.10,PIRSF_domain:PIRSF002291,Superfamily_domains:SSF48371",.,.,ENSP00000314414,.,4/22,.,.,.,.,.,.,.,.,.,4/22,PASS,ENST00000312678,Transcript,.,.,ENSG00000006125,563,.,.,MODERATE,.,PRIMARY,.,.,.,.,5,.,.,.,possibly_damaging(0.827),.,deleterious(0.01),.,AP2B1_HUMAN,AP2B1,HGNC,"Q96EL6_HUMAN,K7ERB2_HUMAN,K7EN71_HUMAN,K7EJX1_HUMAN",.,UPI000006DD97,SNV,"AP2B1,missense_variant,p.Ala87Ser,ENST00000589344,;AP2B1,missense_variant,p.Ala87Ser,ENST00000589774,;AP2B1,missense_variant,p.Ala87Ser,ENST00000262325,;AP2B1,missense_variant,p.Ala87Ser,ENST00000312678,;AP2B1,missense_variant,p.Ala87Ser,ENST00000593014,;AP2B1,missense_variant,p.Ala87Ser,ENST00000592545,;AP2B1,missense_variant,p.Ala87Ser,ENST00000537622,;AP2B1,missense_variant,p.Ala30Ser,ENST00000538556,;AP2B1,downstream_gene_variant,,ENST00000590432,;AP2B1,downstream_gene_variant,,ENST00000588093,;AP2B1,upstream_gene_variant,,ENST00000591561,;AP2B1,3_prime_UTR_variant,,ENST00000590538,;AP2B1,3_prime_UTR_variant,,ENST00000592191,;AP2B1,intron_variant,,ENST00000591610,;AP2B1,downstream_gene_variant,,ENST00000592167,;",389,74,84,SUCCESS
PRDX3,10935.0,.,GRCh37,10,120938299,120938299,+,missense_variant,Missense_Mutation,SNP,C,C,G,novel,.,TCGA-DD-AAE4-01,TCGA-DD-AAE4-10,C,C,.,.,.,.,.,.,.,.,.,.,.,.,.,93,56,108,0,ENST00000298510.2:c.4G>C,p.Ala2Pro,p.A2P,ENST00000298510,NM_006793.3,2.0,Gcg/Ccg,0.0,.,.,.,.,.,G,A/P,protein_coding,YES,CCDS7611.1,4,MUTECT|RADIA|SOMATICSNIPER|MUSE|VARSCANS,.,AGCCGCCATCT,NONE,.,.,.,.,.,ENSP00000298510,.,1/7,.,.,.,.,.,.,.,.,.,1/7,PASS,ENST00000298510,Transcript,.,.,ENSG00000165672,9354,.,.,MODERATE,.,PRIMARY,.,.,.,.,5,.,.,.,possibly_damaging(0.862),.,deleterious_low_confidence(0),.,PRDX3_HUMAN,PRDX3,HGNC,Q14579_HUMAN,.,UPI0000000C81,SNV,"PRDX3,missense_variant,p.Ala2Pro,ENST00000356951,;PRDX3,missense_variant,p.Ala2Pro,ENST00000298510,;PRDX3,upstream_gene_variant,,ENST00000463322,;",47,108,150,SUCCESS
APOBEC3F,200316.0,.,GRCh37,22,39448773,39448773,+,3_prime_UTR_variant,3'UTR,SNP,T,T,C,novel,.,TCGA-DD-AAE9-01,TCGA-DD-AAE9-10,T,T,.,.,.,.,.,.,.,.,.,.,.,.,.,19,7,32,0,ENST00000308521.5:c.*73T>C,,,ENST00000308521,NM_145298.5,,,0.0,.,.,.,.,.,C,.,protein_coding,YES,CCDS33648.1,.,MUTECT|MUSE,.,CATCCTGGACC,NONE,.,.,.,.,.,ENSP00000309749,.,7/7,.,.,.,.,.,.,.,.,.,7/7,PASS,ENST00000308521,Transcript,.,.,ENSG00000128394,17356,.,.,MODIFIER,.,PRIMARY,.,.,.,.,2,.,.,.,.,.,.,.,ABC3F_HUMAN,APOBEC3F,HGNC,B4DGW8_HUMAN,.,UPI000016074C,SNV,"APOBEC3F,3_prime_UTR_variant,,ENST00000308521,;APOBEC3G,intron_variant,,ENST00000452957,;APOBEC3F,downstream_gene_variant,,ENST00000476513,;",1552,32,26,SUCCESS
PITX2,5308.0,.,GRCh37,4,111539720,111539720,+,missense_variant,Missense_Mutation,SNP,G,G,T,novel,.,TCGA-DD-AADG-01,TCGA-DD-AADG-10,G,G,.,.,.,.,.,.,.,.,.,.,.,.,.,65,37,114,0,ENST00000354925.2:c.515C>A,p.Pro172Gln,p.P172Q,ENST00000354925,NM_001204397.1,172.0,cCa/cAa,0.0,.,.,.,.,.,T,P/Q,protein_coding,YES,CCDS3694.1,536,MUTECT|RADIA|SOMATICSNIPER|MUSE|VARSCANS,.,AGCCTGGGTAC,NONE,.,.,"hmmpanther:PTHR24329:SF287,hmmpanther:PTHR24329,PIRSF_domain:PIRSF000563",.,.,ENSP00000304169,.,3/3,.,.,.,.,.,.,.,.,.,3/3,PASS,ENST00000306732,Transcript,1,.,ENSG00000164093,9005,.,.,MODERATE,.,PRIMARY,.,.,.,.,5,.,.,.,probably_damaging(0.916),.,deleterious(0.01),.,PITX2_HUMAN,PITX2,HGNC,.,.,UPI000002B122,SNV,"PITX2,missense_variant,p.Pro172Gln,ENST00000394598,;PITX2,missense_variant,p.Pro172Gln,ENST00000354925,;PITX2,missense_variant,p.Pro126Gln,ENST00000355080,;PITX2,missense_variant,p.Pro172Gln,ENST00000511837,;PITX2,missense_variant,p.Pro179Gln,ENST00000306732,;PITX2,synonymous_variant,p.%3D,ENST00000394595,;PITX2,downstream_gene_variant,,ENST00000557119,;PITX2,downstream_gene_variant,,ENST00000511990,;RP11-380D23.2,upstream_gene_variant,,ENST00000513690,;RP11-380D23.2,upstream_gene_variant,,ENST00000503456,;PITX2,non_coding_transcript_exon_variant,,ENST00000556049,;PITX2,non_coding_transcript_exon_variant,,ENST00000607868,;",1179,114,103,SUCCESS
SNX29,92017.0,.,GRCh37,16,12136797,12136797,+,synonymous_variant,Silent,SNP,C,C,T,rs148440564,.,TCGA-K7-A6G5-01,TCGA-K7-A6G5-10,C,C,.,.,.,.,.,.,.,.,.,.,.,.,.,39,3,49,0,ENST00000566228.1:c.291C>T,p.His97=,p.H97=,ENST00000566228,NM_032167.3,97.0,caC/caT,0.0,T:0.0002,T:0,.,T:0.0014,.,T,H,protein_coding,YES,CCDS10553.2,291,MUTECT|MUSE,.,AAGCACGAGCT,NONE,byFrequency|byCluster|by1000G,.,"PROSITE_profiles:PS50826,hmmpanther:PTHR22835:SF55,hmmpanther:PTHR22835,Pfam_domain:PF02759,Superfamily_domains:0052343",T:0,T:0.0013,ENSP00000456480,T:0.001,5/21,.,.,.,.,.,.,.,.,rs148440564,5/21,common_in_exac,ENST00000566228,Transcript,.,T:0.0006,ENSG00000048471,30542,.,.,LOW,.,PRIMARY,.,.,.,.,2,.,.,.,.,T:0.001,.,.,SNX29_HUMAN,SNX29,HGNC,J3KNF2_HUMAN,.,UPI00000382F9,SNV,"SNX29,synonymous_variant,p.%3D,ENST00000566228,;SNX29,non_coding_transcript_exon_variant,,ENST00000568359,;SNX29,3_prime_UTR_variant,,ENST00000569801,;SNX29,non_coding_transcript_exon_variant,,ENST00000564111,;",360,49,42,SUCCESS
RFWD2,0.0,.,GRCh37,1,175958611,175958611,+,missense_variant,Missense_Mutation,SNP,G,G,C,rs770747539,.,TCGA-2V-A95S-01,TCGA-2V-A95S-10,G,G,.,.,.,.,.,.,.,.,.,.,.,.,.,91,14,87,0,ENST00000367669.3:c.1734C>G,p.His578Gln,p.H578Q,ENST00000367669,NM_022457.5,578.0,caC/caG,0.0,.,.,.,.,.,C,H/Q,protein_coding,YES,CCDS30944.1,1734,SOMATICSNIPER|RADIA|MUTECT|MUSE|VARSCANS,.,ACACAGTGATC,NONE,.,.,"PROSITE_profiles:PS50294,hmmpanther:PTHR22847,hmmpanther:PTHR22847:SF365,Gene3D:2.130.10.10,Pfam_domain:PF00400,SMART_domains:SM00320,Superfamily_domains:SSF50978",.,.,ENSP00000356641,.,16/20,.,.,.,.,.,.,.,.,"rs770747539,COSM1601271",16/20,PASS,ENST00000367669,Transcript,.,.,ENSG00000143207,17440,.,.,MODERATE,.,PRIMARY,.,.,.,.,5,"0,1",.,.,probably_damaging(0.999),.,deleterious(0),"0,1",RFWD2_HUMAN,RFWD2,HGNC,B3KM72_HUMAN,.,UPI0000061E51,SNV,"RFWD2,missense_variant,p.His554Gln,ENST00000308769,;RFWD2,missense_variant,p.His413Gln,ENST00000367666,;RFWD2,missense_variant,p.His578Gln,ENST00000367669,;RFWD2,3_prime_UTR_variant,,ENST00000367667,;RFWD2,non_coding_transcript_exon_variant,,ENST00000461830,;",2249,87,105,SUCCESS
HTR1A,3350.0,.,GRCh37,5,63256701,63256701,+,synonymous_variant,Silent,SNP,C,C,T,novel,.,TCGA-K7-A5RG-01,TCGA-K7-A5RG-11,C,C,.,.,.,.,.,.,.,.,.,.,.,.,.,103,17,116,1,ENST00000323865.3:c.846G>A,p.Arg282=,p.R282=,ENST00000323865,NM_000524.3,282.0,agG/agA,0.0,.,.,.,.,.,T,R,protein_coding,YES,CCDS34168.1,846,RADIA|MUTECT|MUSE|VARSCANS,.,CCTTGCCTCAC,NONE,.,.,"PROSITE_profiles:PS50262,hmmpanther:PTHR24247,hmmpanther:PTHR24247:SF20,Pfam_domain:PF00001,Prints_domain:PR00512",.,.,ENSP00000316244,.,1/1,.,.,.,.,.,.,.,.,.,1/1,nonpreferredpair,ENST00000323865,Transcript,1,.,ENSG00000178394,5286,.,.,LOW,.,PRIMARY,.,.,.,.,4,.,.,.,.,.,.,.,5HT1A_HUMAN,HTR1A,HGNC,"Q5ZGX3_HUMAN,D6RA34_HUMAN",.,UPI0000124F1A,SNV,"HTR1A,synonymous_variant,p.%3D,ENST00000323865,;HTR1A,downstream_gene_variant,,ENST00000506598,;RP11-158J3.2,intron_variant,,ENST00000502882,;",1080,117,120,SUCCESS
MAPKAPK2,9261.0,.,GRCh37,1,206905802,206905802,+,intron_variant,Intron,SNP,A,A,T,novel,.,TCGA-DD-AACI-01,TCGA-DD-AACI-10,A,A,.,.,.,.,.,.,.,.,.,.,.,.,.,179,17,123,0,ENST00000367103.3:c.1060-118A>T,,p.*354*,ENST00000367103,NM_004759.4,,,0.0,.,.,.,.,.,T,.,protein_coding,YES,CCDS31001.1,.,MUTECT|MUSE|VARSCANS,.,CTCCCACCCCT,NONE,.,.,.,.,.,ENSP00000356070,.,.,.,.,.,.,.,.,.,.,.,.,PASS,ENST00000367103,Transcript,.,.,ENSG00000162889,6887,.,.,MODIFIER,9/9,PRIMARY,.,.,.,.,3,.,.,.,.,.,.,.,MAPK2_HUMAN,MAPKAPK2,HGNC,.,.,UPI0000112289,SNV,"MAPKAPK2,3_prime_UTR_variant,,ENST00000294981,;MAPKAPK2,intron_variant,,ENST00000367103,;MAPKAPK2,downstream_gene_variant,,ENST00000479009,;MAPKAPK2,downstream_gene_variant,,ENST00000493447,;",.,123,196,SUCCESS
INADL,0.0,.,GRCh37,1,62516654,62516654,+,missense_variant,Missense_Mutation,SNP,A,A,T,novel,.,TCGA-RC-A6M4-01,TCGA-RC-A6M4-10,A,A,.,.,.,.,.,.,.,.,.,.,.,.,.,20,18,43,0,ENST00000371158.2:c.4049A>T,p.Glu1350Val,p.E1350V,ENST00000371158,NM_176877.2,1350.0,gAa/gTa,0.0,.,.,.,.,.,T,E/V,protein_coding,YES,CCDS617.2,4049,MUTECT|RADIA|SOMATICSNIPER|MUSE|VARSCANS,.,CACCGAACCTA,NONE,.,.,"hmmpanther:PTHR19964:SF11,hmmpanther:PTHR19964",.,.,ENSP00000360200,.,31/43,.,.,.,.,.,.,.,.,.,31/43,PASS,ENST00000371158,Transcript,.,.,ENSG00000132849,28881,.,.,MODERATE,.,PRIMARY,.,.,.,.,5,.,.,.,benign(0.072),.,deleterious(0.05),.,INADL_HUMAN,INADL,HGNC,.,.,UPI0000204487,SNV,"INADL,missense_variant,p.Glu1350Val,ENST00000371158,;INADL,missense_variant,p.Glu23Val,ENST00000545929,;INADL,missense_variant,p.Glu1350Val,ENST00000316485,;INADL,missense_variant,p.Glu134Val,ENST00000543708,;INADL,missense_variant,p.Glu134Val,ENST00000307297,;INADL,missense_variant,p.Glu809Val,ENST00000484937,;INADL,non_coding_transcript_exon_variant,,ENST00000459752,;INADL,non_coding_transcript_exon_variant,,ENST00000484562,;",4163,43,38,SUCCESS
ADCY9,115.0,.,GRCh37,16,4015980,4015980,+,missense_variant,Missense_Mutation,SNP,C,C,A,rs370863551,.,TCGA-YA-A8S7-01,TCGA-YA-A8S7-10,C,C,.,.,.,.,.,.,.,.,.,.,.,.,.,51,7,69,0,ENST00000294016.3:c.3858G>T,p.Gln1286His,p.Q1286H,ENST00000294016,NM_001116.3,1286.0,caG/caT,0.0,T:0,.,.,.,.,A,Q/H,protein_coding,YES,CCDS32382.1,3858,RADIA|MUTECT|MUSE|VARSCANS,.,ACATACTGGAC,NONE,byFrequency|byCluster,.,.,.,T:0.0001,ENSP00000294016,.,11/11,.,.,.,.,.,.,.,.,rs370863551,11/11,PASS,ENST00000294016,Transcript,.,.,ENSG00000162104,240,.,.,MODERATE,.,PRIMARY,.,.,.,.,4,.,.,.,benign(0.001),.,deleterious_low_confidence(0.05),.,ADCY9_HUMAN,ADCY9,HGNC,.,.,UPI000012887F,SNV,"ADCY9,missense_variant,p.Gln1286His,ENST00000294016,;ADCY9,intron_variant,,ENST00000576936,;",4397,69,58,SUCCESS
WDR18,57418.0,.,GRCh37,19,989770,989770,+,"synonymous_variant,NMD_transcript_variant",Silent,SNP,C,C,G,rs757724277,.,TCGA-2Y-A9H1-01,TCGA-2Y-A9H1-10,C,C,.,.,.,.,.,.,.,.,.,.,.,.,.,37,16,45,0,ENST00000585809.1:c.300C>G,p.Thr100=,p.T100=,ENST00000585809,,100.0,acC/acG,0.0,.,.,.,.,.,G,T,protein_coding,YES,CCDS12051.1,330,SOMATICSNIPER|RADIA|MUTECT|MUSE|VARSCANS,.,TCCACCGGGAA,BUFFER|p.L113F|c.337C>T|3,byFrequency,.,"PROSITE_profiles:PS50294,hmmpanther:PTHR18763,Gene3D:2.130.10.10,SMART_domains:SM00320,Superfamily_domains:SSF50978",.,.,ENSP00000251289,.,3/10,.,.,.,.,.,.,.,.,rs757724277,3/10,PASS,ENST00000251289,Transcript,.,.,ENSG00000065268,17956,.,.,LOW,.,PRIMARY,.,.,.,.,5,.,.,.,.,.,.,.,WDR18_HUMAN,WDR18,HGNC,.,.,UPI000013CCF7,SNV,"WDR18,synonymous_variant,p.%3D,ENST00000607440,;WDR18,synonymous_variant,p.%3D,ENST00000251289,;WDR18,synonymous_variant,p.%3D,ENST00000587001,;WDR18,upstream_gene_variant,,ENST00000590354,;WDR18,non_coding_transcript_exon_variant,,ENST00000591997,;WDR18,missense_variant,p.Pro14Arg,ENST00000590397,;WDR18,synonymous_variant,p.%3D,ENST00000591985,;WDR18,synonymous_variant,p.%3D,ENST00000585809,;WDR18,non_coding_transcript_exon_variant,,ENST00000586317,;WDR18,upstream_gene_variant,,ENST00000591276,;WDR18,upstream_gene_variant,,ENST00000591155,;",353,45,53,SUCCESS
CISH,1154.0,.,GRCh37,3,50645848,50645848,+,missense_variant,Missense_Mutation,SNP,T,T,C,rs749611185,.,TCGA-4R-AA8I-01,TCGA-4R-AA8I-10,T,T,.,.,.,.,.,.,.,.,.,.,.,.,.,53,25,90,0,ENST00000348721.3:c.197A>G,p.Asp66Gly,p.D66G,ENST00000348721,NM_145071.2,66.0,gAt/gGt,0.0,.,.,.,.,.,C,D/G,protein_coding,YES,CCDS46834.1,248,MUTECT|RADIA|SOMATICSNIPER|MUSE|VARSCANS,.,GCAGATCCTCC,NONE,.,.,"hmmpanther:PTHR10385:SF7,hmmpanther:PTHR10385,Gene3D:3.30.505.10",.,.,ENSP00000409346,.,3/4,.,.,.,.,.,.,.,.,rs749611185,3/4,PASS,ENST00000443053,Transcript,.,.,ENSG00000114737,1984,.,.,MODERATE,.,PRIMARY,.,.,.,.,5,.,.,.,probably_damaging(1),.,deleterious(0),.,CISH_HUMAN,CISH,HGNC,.,.,UPI000049DFA1,SNV,"CISH,missense_variant,p.Asp66Gly,ENST00000348721,;CISH,missense_variant,p.Asp83Gly,ENST00000443053,;MAPKAPK3,upstream_gene_variant,,ENST00000446044,;MAPKAPK3,upstream_gene_variant,,ENST00000486712,;MAPKAPK3,upstream_gene_variant,,ENST00000497283,;CISH,non_coding_transcript_exon_variant,,ENST00000491847,;",476,90,78,SUCCESS
UGGT2,55757.0,.,GRCh37,13,96600318,96600318,+,synonymous_variant,Silent,SNP,C,C,T,rs376665874,.,TCGA-LG-A9QD-01,TCGA-LG-A9QD-10,C,C,.,.,.,.,.,.,.,.,.,.,.,.,.,368,108,593,2,ENST00000376747.3:c.1473G>A,p.Pro491=,p.P491=,ENST00000376747,NM_020121.3,491.0,ccG/ccA,0.0,T:0.0005,.,.,.,.,T,P,protein_coding,YES,CCDS9480.1,1473,RADIA|SOMATICSNIPER|VARSCANS,.,TGGGCCGGATC,NONE,byFrequency|byCluster,.,"hmmpanther:PTHR11226:SF1,hmmpanther:PTHR11226",.,T:0,ENSP00000365938,.,14/39,.,.,.,.,.,.,.,.,rs376665874,14/39,PASS,ENST00000376747,Transcript,.,.,ENSG00000102595,15664,.,.,LOW,.,PRIMARY,.,.,.,.,3,.,.,.,.,.,.,.,UGGG2_HUMAN,UGGT2,HGNC,.,.,UPI00001FC9AA,SNV,"UGGT2,synonymous_variant,p.%3D,ENST00000376747,;",1544,595,476,SUCCESS
TUSC3,7991.0,.,GRCh37,8,15621757,15621757,+,3_prime_UTR_variant,3'UTR,SNP,T,T,C,novel,.,TCGA-4R-AA8I-01,TCGA-4R-AA8I-10,T,T,.,.,.,.,.,.,.,.,.,.,.,.,.,406,262,639,0,ENST00000503731.1:c.*92T>C,,,ENST00000503731,NM_006765.3,,,0.0,.,.,.,.,.,C,.,protein_coding,YES,CCDS5994.1,.,MUTECT|RADIA|SOMATICSNIPER|MUSE|VARSCANS,.,GAATGTTTACC,NONE,.,.,.,.,.,ENSP00000424544,.,11/11,.,.,.,.,.,.,.,.,.,11/11,PASS,ENST00000503731,Transcript,1,.,ENSG00000104723,30242,.,.,MODIFIER,.,PRIMARY,.,.,.,.,5,.,.,.,.,.,.,.,TUSC3_HUMAN,TUSC3,HGNC,Q6Q320_HUMAN,.,UPI000012FC21,SNV,"TUSC3,3_prime_UTR_variant,,ENST00000506802,;TUSC3,3_prime_UTR_variant,,ENST00000382020,;TUSC3,3_prime_UTR_variant,,ENST00000503731,;TUSC3,non_coding_transcript_exon_variant,,ENST00000508446,;TUSC3,3_prime_UTR_variant,,ENST00000515859,;TUSC3,3_prime_UTR_variant,,ENST00000510836,;",1287,639,668,SUCCESS
STK31,56164.0,.,GRCh37,7,23809272,23809272,+,missense_variant,Missense_Mutation,SNP,C,C,T,.,.,TCGA-DD-A4NQ-01,TCGA-DD-A4NQ-10,C,C,.,.,.,.,.,.,.,.,.,.,.,.,.,19,3,40,0,ENST00000355870.3:c.1610C>T,p.Ser537Phe,p.S537F,ENST00000355870,NM_031414.4,537.0,tCt/tTt,0.0,.,.,.,.,.,T,S/F,protein_coding,YES,CCDS5386.1,1610,MUTECT|MUSE,.,CCTATCTGTGG,NONE,.,.,"hmmpanther:PTHR12302:SF0,hmmpanther:PTHR12302",.,.,ENSP00000348132,.,13/24,.,.,.,.,.,.,.,.,COSM3637544,13/24,PASS,ENST00000355870,Transcript,.,.,ENSG00000196335,11407,.,.,MODERATE,.,PRIMARY,.,.,.,.,2,1,.,.,possibly_damaging(0.775),.,deleterious(0.03),1,STK31_HUMAN,STK31,HGNC,"Q75MZ9_HUMAN,F8W6E7_HUMAN,E9PRQ0_HUMAN,C9JQW5_HUMAN,B3KY91_HUMAN",.,UPI0000167B73,SNV,"STK31,missense_variant,p.Ser514Phe,ENST00000428484,;STK31,missense_variant,p.Ser514Phe,ENST00000354639,;STK31,missense_variant,p.Ser537Phe,ENST00000355870,;STK31,missense_variant,p.Ser537Phe,ENST00000433467,;STK31,non_coding_transcript_exon_variant,,ENST00000478321,;STK31,non_coding_transcript_exon_variant,,ENST00000405627,;STK31,non_coding_transcript_exon_variant,,ENST00000476399,;",1729,40,22,SUCCESS
DOCK6,57572.0,.,GRCh37,19,11339631,11339631,+,missense_variant,Missense_Mutation,SNP,G,G,T,novel,.,TCGA-DD-A73E-01,TCGA-DD-A73E-10,G,G,.,.,.,.,.,.,.,.,.,.,.,.,.,72,4,52,0,ENST00000294618.7:c.2799C>A,p.Phe933Leu,p.F933L,ENST00000294618,NM_020812.3,933.0,ttC/ttA,0.0,.,.,.,.,.,T,F/L,protein_coding,YES,CCDS45975.1,2799,MUTECT|MUSE,.,AAGAAGAACCA,NONE,.,.,"hmmpanther:PTHR23317,hmmpanther:PTHR23317:SF65",.,.,ENSP00000294618,.,23/48,.,.,.,.,.,.,.,.,.,23/48,PASS,ENST00000294618,Transcript,1,.,ENSG00000130158,19189,.,.,MODERATE,.,PRIMARY,.,.,.,.,2,.,.,.,benign(0.216),.,deleterious(0.01),.,DOCK6_HUMAN,DOCK6,HGNC,.,.,UPI000059D66F,SNV,"DOCK6,missense_variant,p.Phe412Leu,ENST00000590680,;DOCK6,missense_variant,p.Phe272Leu,ENST00000319867,;DOCK6,missense_variant,p.Phe933Leu,ENST00000294618,;DOCK6,missense_variant,p.Phe222Leu,ENST00000587656,;DOCK6,downstream_gene_variant,,ENST00000585904,;RN7SL298P,downstream_gene_variant,,ENST00000581369,;DOCK6,non_coding_transcript_exon_variant,,ENST00000590452,;",2811,52,76,SUCCESS
PPP2R5E,5529.0,.,GRCh37,14,63858560,63858560,+,stop_gained,Nonsense_Mutation,SNP,C,C,T,novel,.,TCGA-EP-A26S-01,TCGA-EP-A26S-10,C,C,.,.,.,.,.,.,.,.,.,.,.,.,.,46,30,108,0,ENST00000337537.3:c.929G>A,p.Trp310Ter,p.W310*,ENST00000337537,NM_006246.2,310.0,tGg/tAg,0.0,.,.,.,.,.,T,W/*,protein_coding,YES,CCDS9758.1,929,SOMATICSNIPER|MUTECT|MUSE|VARSCANS,.,TAGGCCAAAAT,NONE,.,.,"hmmpanther:PTHR10257,hmmpanther:PTHR10257:SF5,Gene3D:1.25.10.10,Pfam_domain:PF01603,PIRSF_domain:PIRSF028043,Superfamily_domains:SSF48371",.,.,ENSP00000337641,.,10/14,.,.,.,.,.,.,.,.,.,10/14,PASS,ENST00000337537,Transcript,.,.,ENSG00000154001,9313,.,.,HIGH,.,PRIMARY,.,.,.,.,4,.,.,.,.,.,.,.,2A5E_HUMAN,PPP2R5E,HGNC,J3KQN6_HUMAN,.,UPI0000124E94,SNV,"PPP2R5E,stop_gained,p.Trp310Ter,ENST00000337537,;PPP2R5E,stop_gained,p.Trp234Ter,ENST00000422769,;PPP2R5E,stop_gained,p.Trp310Ter,ENST00000555899,;PPP2R5E,non_coding_transcript_exon_variant,,ENST00000553266,;PPP2R5E,non_coding_transcript_exon_variant,,ENST00000556484,;PPP2R5E,intron_variant,,ENST00000556150,;",1532,108,77,SUCCESS
ANKRD37,353322.0,.,GRCh37,4,186321372,186321372,+,3_prime_UTR_variant,3'UTR,SNP,G,G,T,novel,.,TCGA-DD-A118-01,TCGA-DD-A118-11,G,G,.,.,.,.,.,.,.,.,.,.,.,.,.,10,16,26,0,ENST00000335174.4:c.*201G>T,,,ENST00000335174,NM_181726.2,,,0.0,.,.,.,.,.,T,.,protein_coding,YES,CCDS3841.1,.,MUTECT|RADIA|SOMATICSNIPER|MUSE|VARSCANS,.,TTTAAGTTATT,NONE,.,.,.,.,.,ENSP00000335147,.,5/5,.,.,.,.,.,.,.,.,.,5/5,PASS,ENST00000335174,Transcript,.,.,ENSG00000186352,29593,.,.,MODIFIER,.,PRIMARY,.,.,.,.,5,.,.,.,.,.,.,.,ANR37_HUMAN,ANKRD37,HGNC,"D6RFF5_HUMAN,B4E066_HUMAN",.,UPI00000473DA,SNV,"ANKRD37,3_prime_UTR_variant,,ENST00000335174,;UFSP2,downstream_gene_variant,,ENST00000264689,;ANKRD37,downstream_gene_variant,,ENST00000507753,;UFSP2,downstream_gene_variant,,ENST00000511485,;LRP2BP,upstream_gene_variant,,ENST00000505916,;UFSP2,downstream_gene_variant,,ENST00000509180,;ANKRD37,downstream_gene_variant,,ENST00000507479,;UFSP2,3_prime_UTR_variant,,ENST00000514247,;ANKRD37,non_coding_transcript_exon_variant,,ENST00000511393,;ANKRD37,downstream_gene_variant,,ENST00000506424,;ANKRD37,downstream_gene_variant,,ENST00000511311,;UFSP2,downstream_gene_variant,,ENST00000510206,;UFSP2,downstream_gene_variant,,ENST00000510755,;",1118,26,26,SUCCESS
BCLAF1,9774.0,.,GRCh37,6,136589325,136589325,+,missense_variant,Missense_Mutation,SNP,C,C,A,.,.,TCGA-DD-A1EB-01,TCGA-DD-A1EB-11,C,C,.,.,.,.,.,.,.,.,.,.,.,.,.,261,35,321,1,ENST00000531224.1:c.2372G>T,p.Gly791Val,p.G791V,ENST00000531224,NM_001077441.1,791.0,gGa/gTa,0.0,.,.,.,.,.,A,G/V,protein_coding,YES,CCDS5177.1,2372,RADIA|MUTECT|MUSE|VARSCANS,.,TAACTCCTGCA,NONE,.,.,"hmmpanther:PTHR15268,hmmpanther:PTHR15268:SF4",.,.,ENSP00000435210,.,10/13,.,.,.,.,.,.,.,.,COSM1545301,10/13,PASS,ENST00000531224,Transcript,.,.,ENSG00000029363,16863,.,.,MODERATE,.,PRIMARY,.,.,.,.,4,1,.,.,probably_damaging(0.979),.,deleterious(0),1,BCLF1_HUMAN,BCLAF1,HGNC,B0AZU3_HUMAN,.,UPI000006FCE7,SNV,"BCLAF1,missense_variant,p.Gly791Val,ENST00000527536,;BCLAF1,missense_variant,p.Gly9Val,ENST00000031135,;BCLAF1,missense_variant,p.Gly789Val,ENST00000392348,;BCLAF1,missense_variant,p.Gly58Val,ENST00000534762,;BCLAF1,missense_variant,p.Gly789Val,ENST00000353331,;BCLAF1,missense_variant,p.Gly618Val,ENST00000530767,;BCLAF1,missense_variant,p.Gly791Val,ENST00000531224,;BCLAF1,missense_variant,p.Gly789Val,ENST00000527759,;BCLAF1,downstream_gene_variant,,ENST00000529826,;BCLAF1,non_coding_transcript_exon_variant,,ENST00000529917,;BCLAF1,missense_variant,p.Gly46Val,ENST00000533422,;BCLAF1,3_prime_UTR_variant,,ENST00000527613,;BCLAF1,3_prime_UTR_variant,,ENST00000534269,;BCLAF1,3_prime_UTR_variant,,ENST00000530429,;BCLAF1,3_prime_UTR_variant,,ENST00000532384,;BCLAF1,non_coding_transcript_exon_variant,,ENST00000529522,;BCLAF1,non_coding_transcript_exon_variant,,ENST00000526228,;BCLAF1,downstream_gene_variant,,ENST00000534321,;BCLAF1,downstream_gene_variant,,ENST00000476194,;BCLAF1,downstream_gene_variant,,ENST00000532076,;BCLAF1,downstream_gene_variant,,ENST00000534792,;",2625,322,297,SUCCESS
ROBO1,6091.0,.,GRCh37,3,78647957,78647957,+,3_prime_UTR_variant,3'UTR,SNP,A,A,G,novel,.,TCGA-DD-AAEG-01,TCGA-DD-AAEG-10,A,A,.,.,.,.,.,.,.,.,.,.,.,.,.,15,12,32,0,ENST00000464233.1:c.*106T>C,,,ENST00000464233,NM_002941.3,,,0.0,.,.,.,.,.,G,.,protein_coding,YES,CCDS54611.1,.,MUTECT|RADIA|SOMATICSNIPER|MUSE|VARSCANS,.,TTTGTACACTC,NONE,.,.,.,.,.,ENSP00000420321,.,31/31,.,.,.,.,.,.,.,.,.,31/31,PASS,ENST00000464233,Transcript,.,.,ENSG00000169855,10249,.,.,MODIFIER,.,PRIMARY,.,.,.,.,5,.,.,.,.,.,.,.,ROBO1_HUMAN,ROBO1,HGNC,.,.,UPI00000713D9,SNV,"ROBO1,3_prime_UTR_variant,,ENST00000464233,;ROBO1,3_prime_UTR_variant,,ENST00000495273,;ROBO1,3_prime_UTR_variant,,ENST00000436010,;ROBO1,downstream_gene_variant,,ENST00000467549,;ROBO1,downstream_gene_variant,,ENST00000466906,;",5176,32,27,SUCCESS
