sample_id,variant_types,variant_consequences,sequencing_phase,total_mutations,missense_mutations,high_impact_mutations
TCGA-2V-A95S-01,SNP,missense_variant|3_prime_UTR_variant|synonymous_variant|splice_acceptor_variant|stop_retained_variant,0.0,18.0,8.0,1.0
TCGA-2Y-A9GS-01,SNP|DEL,"missense_variant|splice_donor_variant,coding_sequence_variant,intron_variant|3_prime_UTR_variant|synonymous_variant",0.0,10.0,5.0,1.0
TCGA-2Y-A9GT-01,SNP|INS,"missense_variant|synonymous_variant|splice_acceptor_variant|intron_variant,non_coding_transcript_variant|non_coding_transcript_exon_variant|stop_gained|missense_variant,splice_region_variant|3_prime_UTR_variant",0.0,17.0,10.0,2.0
TCGA-2Y-A9GU-01,SNP,missense_variant|stop_gained|3_prime_UTR_variant|stop_lost|synonymous_variant|5_prime_UTR_variant|splice_acceptor_variant,0.0,23.0,14.0,3.0
TCGA-2Y-A9GV-01,SNP,"3_prime_UTR_variant|splice_region_variant,intron_variant|missense_variant|5_prime_UTR_variant",0.0,8.0,4.0,0.0
TCGA-2Y-A9GW-01,SNP,missense_variant|synonymous_variant|5_prime_UTR_variant|intron_variant|stop_gained,0.0,11.0,5.0,1.0
TCGA-2Y-A9GX-01,DEL|SNP,frameshift_variant|missense_variant|synonymous_variant,0.0,6.0,4.0,1.0
TCGA-2Y-A9GY-01,SNP,splice_acceptor_variant|missense_variant|start_lost|synonymous_variant,0.0,6.0,2.0,2.0
TCGA-2Y-A9GZ-01,SNP,intron_variant|synonymous_variant|5_prime_UTR_variant|missense_variant|stop_gained|3_prime_UTR_variant,0.0,18.0,9.0,2.0
TCGA-2Y-A9H0-01,SNP,upstream_gene_variant|missense_variant|3_prime_UTR_variant|intron_variant,0.0,12.0,6.0,0.0
TCGA-2Y-A9H1-01,SNP|DEL,"synonymous_variant,NMD_transcript_variant|3_prime_UTR_variant|missense_variant|synonymous_variant|splice_acceptor_variant|splice_polypyrimidine_tract_variant,intron_variant|missense_variant,NMD_transcript_variant|stop_gained",0.0,22.0,10.0,2.0
TCGA-2Y-A9H2-01,SNP,synonymous_variant|missense_variant|5_prime_UTR_variant,0.0,9.0,6.0,0.0
TCGA-2Y-A9H3-01,SNP|DEL|INS,"5_prime_UTR_variant|missense_variant|3_prime_UTR_variant|synonymous_variant|stop_gained|splice_donor_variant,coding_sequence_variant,intron_variant|splice_region_variant,synonymous_variant|intron_variant|splice_donor_variant|frameshift_variant",0.0,34.0,9.0,5.0
TCGA-2Y-A9H4-01,SNP|DEL,non_coding_transcript_exon_variant|missense_variant|intron_variant|frameshift_variant|5_prime_UTR_variant|synonymous_variant|3_prime_UTR_variant|splice_acceptor_variant,0.0,15.0,6.0,2.0
TCGA-2Y-A9H5-01,SNP|DEL,"missense_variant,splice_region_variant|missense_variant|stop_gained|synonymous_variant|frameshift_variant|3_prime_UTR_variant",0.0,10.0,6.0,2.0
TCGA-2Y-A9H6-01,SNP|DEL,missense_variant|synonymous_variant|frameshift_variant,0.0,8.0,6.0,1.0
TCGA-2Y-A9H7-01,SNP,5_prime_UTR_variant|missense_variant|3_prime_UTR_variant|non_coding_transcript_exon_variant|stop_gained,0.0,9.0,4.0,1.0
TCGA-2Y-A9H8-01,SNP|INS,synonymous_variant|intron_variant|downstream_gene_variant|missense_variant|upstream_gene_variant,0.0,7.0,2.0,0.0
TCGA-2Y-A9H9-01,SNP|DEL,3_prime_UTR_variant|synonymous_variant|missense_variant|intron_variant|inframe_deletion,0.0,15.0,8.0,0.0
TCGA-2Y-A9HA-01,SNP|DEL,"synonymous_variant|3_prime_UTR_variant|missense_variant|splice_donor_variant|5_prime_UTR_variant|splice_polypyrimidine_tract_variant,intron_variant,non_coding_transcript_variant",0.0,19.0,11.0,1.0
TCGA-2Y-A9HB-01,SNP,synonymous_variant|5_prime_UTR_variant|missense_variant|3_prime_UTR_variant,0.0,14.0,7.0,0.0
TCGA-3K-AAZ8-01,SNP|DEL|INS,"missense_variant|3_prime_UTR_variant|downstream_gene_variant|frameshift_variant|splice_donor_variant,non_coding_transcript_variant|synonymous_variant|splice_region_variant,intron_variant",0.0,19.0,9.0,3.0
TCGA-4R-AA8I-01,SNP|DEL|INS,"missense_variant|3_prime_UTR_variant|frameshift_variant|missense_variant,splice_region_variant|splice_acceptor_variant|inframe_deletion|synonymous_variant|missense_variant,NMD_transcript_variant|stop_gained|intron_variant",0.0,36.5,21.125,5.0
TCGA-5C-A9VG-01,SNP|DEL,"3_prime_UTR_variant|downstream_gene_variant|missense_variant|missense_variant,splice_region_variant|synonymous_variant|stop_gained,frameshift_variant|non_coding_transcript_exon_variant|intron_variant",0.0,20.0,9.0,1.0
TCGA-5C-A9VH-01,SNP,missense_variant|synonymous_variant|stop_gained|5_prime_UTR_variant|splice_acceptor_variant,0.0,14.0,10.0,2.0
TCGA-5C-AAPD-01,SNP,missense_variant|synonymous_variant|stop_gained|intron_variant,0.0,8.0,5.0,1.0
TCGA-5R-AA1C-01,SNP|DEL,"splice_acceptor_variant|intron_variant|missense_variant|3_prime_UTR_variant|synonymous_variant|missense_variant,splice_region_variant",0.0,12.0,6.0,1.0
TCGA-5R-AA1D-01,SNP,missense_variant|intron_variant|upstream_gene_variant,0.0,5.0,3.0,0.0
TCGA-5R-AAAM-01,SNP|DEL,synonymous_variant|non_coding_transcript_exon_variant|3_prime_UTR_variant|missense_variant|stop_gained|5_prime_UTR_variant,0.0,13.0,3.0,1.0
TCGA-BC-4073-01,SNP,non_coding_transcript_exon_variant|synonymous_variant|stop_gained|missense_variant|3_prime_UTR_variant|intron_variant,0.0,24.0,12.0,1.0
TCGA-BC-A10Q-01,SNP,missense_variant|5_prime_UTR_variant|synonymous_variant,0.0,7.0,3.0,0.0
TCGA-BC-A10R-01,SNP|INS,"missense_variant|synonymous_variant|stop_gained|3_prime_UTR_variant|splice_region_variant,synonymous_variant|frameshift_variant,splice_region_variant",0.0,13.0,8.0,2.0
TCGA-BC-A10T-01,SNP,"synonymous_variant|missense_variant|intron_variant,non_coding_transcript_variant|intron_variant|3_prime_UTR_variant|missense_variant,NMD_transcript_variant|5_prime_UTR_variant",0.0,14.0,7.0,0.0
TCGA-BC-A10U-01,SNP|INS,"missense_variant,splice_region_variant|missense_variant|3_prime_UTR_variant|synonymous_variant|non_coding_transcript_exon_variant|frameshift_variant|stop_gained",0.0,21.0,13.0,2.0
TCGA-BC-A10W-01,SNP|INS,missense_variant|frameshift_variant|5_prime_UTR_variant|synonymous_variant|splice_acceptor_variant,0.0,10.0,5.0,2.0
TCGA-BC-A10X-01,DEL,3_prime_UTR_variant,0.0,1.0,0.0,0.0
TCGA-BC-A10Y-01,SNP,"missense_variant|synonymous_variant|stop_gained|3_prime_UTR_variant|splice_region_variant,synonymous_variant",0.0,15.0,7.0,1.0
TCGA-BC-A10Z-01,SNP|DEL,"synonymous_variant|missense_variant|non_coding_transcript_exon_variant|5_prime_UTR_variant|3_prime_UTR_variant|frameshift_variant|splice_donor_variant|missense_variant,splice_region_variant|stop_gained",0.0,25.0,12.0,3.0
TCGA-BC-A216-01,SNP,missense_variant|synonymous_variant,0.0,6.0,5.0,0.0
TCGA-BC-A217-01,SNP,missense_variant|synonymous_variant|3_prime_UTR_variant,0.0,15.0,12.0,0.0
TCGA-BC-A3KF-01,SNP,missense_variant|5_prime_UTR_variant|synonymous_variant|3_prime_UTR_variant,0.0,14.0,5.0,0.0
TCGA-BC-A5W4-01,SNP,synonymous_variant|missense_variant|3_prime_UTR_variant|splice_donor_variant,0.0,10.0,7.0,1.0
TCGA-BC-A69H-01,SNP,"missense_variant|3_prime_UTR_variant,NMD_transcript_variant|3_prime_UTR_variant|stop_gained|synonymous_variant",0.0,18.0,11.0,1.0
TCGA-BC-A8YO-01,SNP|DEL,missense_variant|synonymous_variant|3_prime_UTR_variant|intron_variant|frameshift_variant|non_coding_transcript_exon_variant,0.0,15.0,6.0,2.0
TCGA-BD-A2L6-01,SNP,"missense_variant|3_prime_UTR_variant|synonymous_variant|missense_variant,splice_region_variant",0.0,12.0,6.0,0.0
TCGA-BD-A3EP-01,SNP,stop_gained|synonymous_variant|downstream_gene_variant|missense_variant|3_prime_UTR_variant,0.0,14.0,7.0,2.0
TCGA-BW-A5NO-01,SNP|DEL,missense_variant|synonymous_variant|frameshift_variant|3_prime_UTR_variant,0.0,20.0,14.0,1.0
TCGA-BW-A5NP-01,SNP,missense_variant|3_prime_UTR_variant|synonymous_variant,0.0,12.0,10.0,0.0
TCGA-BW-A5NQ-01,SNP|INS,"synonymous_variant|missense_variant|5_prime_UTR_variant|3_prime_UTR_variant|intron_variant|splice_region_variant,intron_variant|frameshift_variant",0.0,18.0,9.0,1.0
TCGA-CC-5258-01,SNP|DEL,"missense_variant|5_prime_UTR_variant|frameshift_variant|synonymous_variant|splice_region_variant,synonymous_variant|3_prime_UTR_variant|intron_variant",0.0,16.0,7.0,1.0
TCGA-CC-5259-01,SNP,synonymous_variant|missense_variant|stop_gained|splice_acceptor_variant|intron_variant,0.0,20.0,11.0,4.0
TCGA-CC-5260-01,SNP|DEL,intron_variant|missense_variant|5_prime_UTR_variant|synonymous_variant|3_prime_UTR_variant|stop_gained|frameshift_variant,0.0,16.0,8.0,2.0
TCGA-CC-5262-01,DEL|SNP|INS,frameshift_variant|synonymous_variant|missense_variant|5_prime_UTR_variant|non_coding_transcript_exon_variant|3_prime_UTR_variant,0.0,13.0,5.0,2.0
TCGA-CC-5263-01,SNP,3_prime_UTR_variant|missense_variant|synonymous_variant|intron_variant|stop_gained,0.0,14.0,8.0,1.0
TCGA-CC-5264-01,SNP|DEL,"missense_variant,splice_region_variant|synonymous_variant|splice_donor_variant|stop_gained|missense_variant|intron_variant",0.0,11.0,3.0,3.0
TCGA-CC-A123-01,SNP,"missense_variant|missense_variant,splice_region_variant|3_prime_UTR_variant|synonymous_variant",0.0,11.0,8.0,0.0
TCGA-CC-A1HT-01,SNP,missense_variant|3_prime_UTR_variant|synonymous_variant|stop_gained,0.0,11.0,3.0,2.0
TCGA-CC-A3M9-01,SNP,"missense_variant|synonymous_variant|missense_variant,splice_region_variant|start_lost",0.0,23.0,16.0,1.0
TCGA-CC-A3MA-01,SNP,missense_variant|3_prime_UTR_variant,0.0,6.0,5.0,0.0
TCGA-CC-A3MB-01,SNP|DEL,3_prime_UTR_variant|missense_variant|frameshift_variant|synonymous_variant|stop_gained,0.0,8.0,4.0,2.0
TCGA-CC-A3MC-01,SNP,missense_variant|3_prime_UTR_variant|non_coding_transcript_exon_variant|stop_gained|intron_variant|synonymous_variant,0.0,15.0,8.0,2.0
TCGA-CC-A5UC-01,SNP|DEL,synonymous_variant|3_prime_UTR_variant|missense_variant|frameshift_variant,0.0,12.0,5.0,1.0
TCGA-CC-A5UD-01,SNP,missense_variant|synonymous_variant|5_prime_UTR_variant|non_coding_transcript_exon_variant|intron_variant|splice_acceptor_variant|splice_donor_variant,0.0,33.0,20.0,2.0
TCGA-CC-A5UE-01,INS|SNP,frameshift_variant|5_prime_UTR_variant|missense_variant|upstream_gene_variant|3_prime_UTR_variant|synonymous_variant,0.0,14.0,7.0,1.0
TCGA-CC-A7IE-01,SNP|DEL|INS,synonymous_variant|missense_variant|3_prime_UTR_variant|splice_donor_variant|frameshift_variant|intron_variant|stop_gained,0.0,23.0,11.0,4.0
TCGA-CC-A7IF-01,SNP,"missense_variant|synonymous_variant|splice_region_variant,synonymous_variant|missense_variant,splice_region_variant|5_prime_UTR_variant|non_coding_transcript_exon_variant|stop_gained|intron_variant|mature_miRNA_variant|3_prime_UTR_variant",0.0,23.0,11.0,1.0
TCGA-CC-A7IG-01,SNP|DEL,"missense_variant|intron_variant|synonymous_variant|splice_region_variant,synonymous_variant|frameshift_variant|stop_gained|3_prime_UTR_variant",0.0,29.0,17.0,3.0
TCGA-CC-A7IH-01,SNP|DEL,"splice_acceptor_variant|missense_variant|5_prime_UTR_variant|synonymous_variant|3_prime_UTR_variant|missense_variant,splice_region_variant|splice_region_variant,synonymous_variant|stop_gained|intron_variant|inframe_deletion",0.0,36.5,21.125,5.0
TCGA-CC-A7II-01,DEL|SNP|INS,"inframe_deletion|synonymous_variant|missense_variant|stop_gained|frameshift_variant|missense_variant,splice_region_variant",0.0,20.0,8.0,4.0
TCGA-CC-A7IJ-01,SNP,"missense_variant|non_coding_transcript_exon_variant|splice_region_variant,synonymous_variant|5_prime_UTR_variant|3_prime_UTR_variant|synonymous_variant",0.0,17.0,11.0,0.0
TCGA-CC-A7IK-01,SNP,"missense_variant|intron_variant,non_coding_transcript_variant|synonymous_variant|non_coding_transcript_exon_variant|splice_region_variant,synonymous_variant|stop_gained,splice_region_variant|5_prime_UTR_variant|stop_gained|3_prime_UTR_variant|splice_acceptor_variant",0.0,34.0,17.0,4.0
TCGA-CC-A7IL-01,SNP,"missense_variant|3_prime_UTR_variant|synonymous_variant|splice_region_variant,synonymous_variant|5_prime_UTR_variant",0.0,20.0,10.0,0.0
TCGA-CC-A8HT-01,SNP|DEL,missense_variant|synonymous_variant|splice_acceptor_variant|3_prime_UTR_variant|downstream_gene_variant|splice_donor_variant|frameshift_variant,0.0,35.0,21.125,3.0
TCGA-CC-A8HU-01,SNP,intron_variant|missense_variant|5_prime_UTR_variant|stop_gained|synonymous_variant,0.0,10.0,5.0,1.0
TCGA-CC-A8HV-01,SNP,missense_variant|3_prime_UTR_variant|synonymous_variant|5_prime_UTR_variant|upstream_gene_variant|stop_gained,0.0,21.0,9.0,2.0
TCGA-CC-A9FS-01,SNP,missense_variant|stop_gained|synonymous_variant|intron_variant|downstream_gene_variant|3_prime_UTR_variant,0.0,16.0,10.0,1.0
TCGA-CC-A9FU-01,SNP|DEL,"missense_variant|splice_region_variant,synonymous_variant|intron_variant|frameshift_variant",0.0,7.0,3.0,1.0
TCGA-CC-A9FV-01,SNP,synonymous_variant|3_prime_UTR_variant|missense_variant,0.0,3.0,1.0,0.0
TCGA-CC-A9FW-01,SNP|DEL,"missense_variant|stop_gained|synonymous_variant|downstream_gene_variant|frameshift_variant|non_coding_transcript_exon_variant|3_prime_UTR_variant|splice_region_variant,5_prime_UTR_variant",0.0,25.0,11.0,5.0
TCGA-DD-A113-01,SNP|DEL,"missense_variant|stop_gained|upstream_gene_variant|3_prime_UTR_variant|missense_variant,splice_region_variant|synonymous_variant|splice_acceptor_variant",0.0,36.5,21.125,2.0
TCGA-DD-A114-01,SNP|DEL,"missense_variant|synonymous_variant|downstream_gene_variant|synonymous_variant,NMD_transcript_variant|stop_gained|3_prime_UTR_variant|frameshift_variant|missense_variant,splice_region_variant|intron_variant",0.0,26.0,11.0,5.0
TCGA-DD-A115-01,SNP,"synonymous_variant|missense_variant|splice_donor_variant|missense_variant,splice_region_variant|non_coding_transcript_exon_variant",0.0,28.0,18.0,2.0
TCGA-DD-A116-01,SNP|DEL,missense_variant|downstream_gene_variant|non_coding_transcript_exon_variant|5_prime_UTR_variant|intron_variant|synonymous_variant|frameshift_variant|3_prime_UTR_variant,0.0,19.0,11.0,1.0
TCGA-DD-A118-01,SNP,3_prime_UTR_variant|missense_variant|stop_gained|synonymous_variant|intron_variant,0.0,16.0,7.0,1.0
TCGA-DD-A119-01,DEL|SNP,3_prime_UTR_variant|missense_variant|5_prime_UTR_variant|stop_gained|synonymous_variant|non_coding_transcript_exon_variant|frameshift_variant,0.0,19.0,8.0,4.0
TCGA-DD-A11A-01,SNP,missense_variant|synonymous_variant|intron_variant|5_prime_UTR_variant,0.0,14.0,7.0,0.0
TCGA-DD-A11B-01,SNP,"downstream_gene_variant|non_coding_transcript_exon_variant|splice_region_variant,intron_variant|synonymous_variant|3_prime_UTR_variant|5_prime_UTR_variant|missense_variant|intron_variant",0.0,19.0,5.0,0.0
TCGA-DD-A11C-01,SNP,missense_variant|synonymous_variant,0.0,9.0,7.0,0.0
TCGA-DD-A11D-01,SNP|DEL,"missense_variant|synonymous_variant|intron_variant|splice_acceptor_variant|inframe_deletion,splice_region_variant",0.0,16.0,11.0,1.0
TCGA-DD-A1E9-01,SNP|DEL,missense_variant|non_coding_transcript_exon_variant|intron_variant|frameshift_variant,0.0,7.0,4.0,1.0
TCGA-DD-A1EB-01,SNP|DEL,"missense_variant|5_prime_UTR_variant|synonymous_variant|intron_variant|stop_gained|frameshift_variant,splice_region_variant",0.0,20.0,11.0,2.0
TCGA-DD-A1EC-01,SNP,missense_variant|splice_donor_variant|synonymous_variant,0.0,5.0,3.0,1.0
TCGA-DD-A1ED-01,SNP,synonymous_variant|3_prime_UTR_variant|missense_variant,0.0,3.0,1.0,0.0
TCGA-DD-A1EE-01,SNP|INS,"missense_variant|synonymous_variant|stop_gained|upstream_gene_variant|missense_variant,splice_region_variant|frameshift_variant|3_prime_UTR_variant",0.0,36.5,21.125,5.0
TCGA-DD-A1EF-01,SNP,"missense_variant|non_coding_transcript_exon_variant|synonymous_variant|missense_variant,splice_region_variant|3_prime_UTR_variant",0.0,15.0,9.0,0.0
TCGA-DD-A1EH-01,SNP,"missense_variant|intron_variant,non_coding_transcript_variant|synonymous_variant",0.0,7.0,5.0,0.0
TCGA-DD-A1EI-01,SNP|DEL,"stop_gained|missense_variant|3_prime_UTR_variant|missense_variant,splice_region_variant|frameshift_variant|splice_acceptor_variant",0.0,7.0,2.0,3.0
TCGA-DD-A1EJ-01,SNP|INS,"missense_variant|frameshift_variant|missense_variant,splice_region_variant|synonymous_variant|3_prime_UTR_variant|splice_region_variant,synonymous_variant|5_prime_UTR_variant",0.0,12.0,5.0,1.0
TCGA-DD-A1EK-01,SNP,"synonymous_variant|missense_variant|splice_acceptor_variant|splice_donor_variant|stop_gained,splice_region_variant",0.0,10.0,6.0,3.0
TCGA-DD-A1EL-01,SNP|DEL,missense_variant|intron_variant|synonymous_variant|frameshift_variant|3_prime_UTR_variant,0.0,11.0,5.0,1.0
TCGA-DD-A39V-01,SNP,stop_gained|synonymous_variant|missense_variant,0.0,7.0,2.0,1.0
TCGA-DD-A39W-01,SNP,"missense_variant|synonymous_variant|non_coding_transcript_exon_variant|missense_variant,splice_region_variant",0.0,7.0,4.0,0.0
TCGA-DD-A39X-01,SNP,splice_acceptor_variant|missense_variant|5_prime_UTR_variant,0.0,9.0,7.0,1.0
TCGA-DD-A39Z-01,SNP|DEL,missense_variant|frameshift_variant|synonymous_variant|intron_variant,0.0,11.0,4.0,2.0
TCGA-DD-A3A2-01,SNP|INS,missense_variant|synonymous_variant|3_prime_UTR_variant|5_prime_UTR_variant|inframe_insertion,0.0,10.0,4.0,0.0
TCGA-DD-A3A3-01,SNP,"synonymous_variant|missense_variant,splice_region_variant|missense_variant|3_prime_UTR_variant",0.0,10.0,6.0,0.0
TCGA-DD-A3A4-01,SNP,splice_donor_variant|missense_variant,0.0,4.0,3.0,1.0
TCGA-DD-A3A5-01,SNP|INS,"missense_variant,splice_region_variant|5_prime_UTR_variant|missense_variant|synonymous_variant",0.0,8.0,5.0,0.0
TCGA-DD-A3A6-01,SNP,missense_variant,0.0,2.0,2.0,0.0
TCGA-DD-A3A7-01,SNP,missense_variant|3_prime_UTR_variant|splice_donor_variant|synonymous_variant|stop_gained,0.0,12.0,7.0,2.0
TCGA-DD-A3A8-01,SNP|DEL,"missense_variant|synonymous_variant|3_prime_UTR_variant|splice_acceptor_variant,coding_sequence_variant,intron_variant|5_prime_UTR_variant",0.0,19.0,10.0,1.0
TCGA-DD-A3A9-01,SNP,"missense_variant|intron_variant|synonymous_variant|non_coding_transcript_exon_variant|5_prime_UTR_variant|3_prime_UTR_variant|downstream_gene_variant|missense_variant,splice_region_variant",0.0,36.5,21.125,0.0
TCGA-DD-A4NA-01,SNP,synonymous_variant|stop_gained|missense_variant,0.0,4.0,1.0,1.0
TCGA-DD-A4NB-01,SNP|DEL,5_prime_UTR_variant|synonymous_variant|frameshift_variant|3_prime_UTR_variant,0.0,4.0,0.0,1.0
TCGA-DD-A4ND-01,SNP,missense_variant|upstream_gene_variant,0.0,8.0,7.0,0.0
TCGA-DD-A4NE-01,SNP,synonymous_variant|mature_miRNA_variant|3_prime_UTR_variant|downstream_gene_variant,0.0,6.0,0.0,0.0
TCGA-DD-A4NF-01,SNP,"missense_variant,splice_region_variant|intron_variant|missense_variant|synonymous_variant|3_prime_UTR_variant|upstream_gene_variant|stop_gained",0.0,21.0,14.0,1.0
TCGA-DD-A4NG-01,SNP|DEL,"missense_variant|synonymous_variant|3_prime_UTR_variant|non_coding_transcript_exon_variant|inframe_deletion|splice_region_variant,intron_variant|intron_variant",0.0,22.0,13.0,0.0
TCGA-DD-A4NH-01,SNP|INS,missense_variant|synonymous_variant|intron_variant|3_prime_UTR_variant,0.0,13.0,9.0,0.0
TCGA-DD-A4NI-01,SNP|DEL,missense_variant|synonymous_variant|5_prime_UTR_variant|non_coding_transcript_exon_variant|frameshift_variant|splice_acceptor_variant|inframe_deletion,0.0,36.5,21.125,2.0
TCGA-DD-A4NJ-01,SNP|DEL,"missense_variant|intron_variant|3_prime_UTR_variant|synonymous_variant|missense_variant,splice_region_variant|splice_region_variant,synonymous_variant|splice_donor_variant|downstream_gene_variant",0.0,28.0,18.0,1.0
TCGA-DD-A4NK-01,SNP|INS,missense_variant|3_prime_UTR_variant|synonymous_variant|non_coding_transcript_exon_variant|5_prime_UTR_variant|frameshift_variant|splice_donor_variant|stop_gained,0.0,32.0,12.0,4.0
TCGA-DD-A4NL-01,SNP,"missense_variant|missense_variant,splice_region_variant",0.0,5.0,5.0,0.0
TCGA-DD-A4NN-01,SNP,synonymous_variant|missense_variant|downstream_gene_variant|3_prime_UTR_variant,0.0,16.0,10.0,0.0
TCGA-DD-A4NO-01,SNP|INS|DEL,"3_prime_UTR_variant|frameshift_variant|missense_variant|inframe_deletion,splice_region_variant|synonymous_variant",0.0,16.0,10.0,2.0
TCGA-DD-A4NP-01,SNP,synonymous_variant|missense_variant,0.0,3.0,2.0,0.0
TCGA-DD-A4NQ-01,SNP|DEL|INS,missense_variant|frameshift_variant|3_prime_UTR_variant|protein_altering_variant|synonymous_variant|5_prime_UTR_variant,0.0,22.0,13.0,2.0
TCGA-DD-A4NR-01,SNP|DEL,missense_variant|3_prime_UTR_variant|stop_gained|synonymous_variant|inframe_deletion|non_coding_transcript_exon_variant|frameshift_variant,0.0,19.0,7.0,3.0
TCGA-DD-A4NS-01,SNP|DEL,synonymous_variant|missense_variant|5_prime_UTR_variant|non_coding_transcript_exon_variant|inframe_deletion|stop_gained|frameshift_variant,0.0,20.0,12.0,2.0
TCGA-DD-A4NV-01,SNP|DEL,"downstream_gene_variant|synonymous_variant|missense_variant|3_prime_UTR_variant|upstream_gene_variant|stop_gained|splice_region_variant,synonymous_variant|non_coding_transcript_exon_variant|frameshift_variant,splice_region_variant",0.0,36.5,21.125,2.0
TCGA-DD-A73A-01,DEL|SNP,frameshift_variant|missense_variant|stop_gained|synonymous_variant,0.0,10.0,7.0,2.0
TCGA-DD-A73B-01,DEL|SNP,"non_coding_transcript_exon_variant|missense_variant|5_prime_UTR_variant|synonymous_variant|intron_variant|splice_region_variant,intron_variant",0.0,11.0,6.0,0.0
TCGA-DD-A73C-01,SNP,"5_prime_UTR_variant|missense_variant|stop_gained|missense_variant,splice_region_variant|downstream_gene_variant|synonymous_variant",0.0,9.0,5.0,1.0
TCGA-DD-A73D-01,SNP|DEL,synonymous_variant|missense_variant|frameshift_variant|3_prime_UTR_variant,0.0,9.0,5.0,1.0
TCGA-DD-A73E-01,SNP,"missense_variant|synonymous_variant|splice_region_variant,intron_variant|3_prime_UTR_variant",0.0,15.0,10.0,0.0
TCGA-DD-A73F-01,SNP|DEL,"synonymous_variant|missense_variant|intron_variant|frameshift_variant|5_prime_UTR_variant|start_lost,splice_region_variant",0.0,10.0,3.0,2.0
TCGA-DD-A73G-01,SNP,missense_variant|synonymous_variant,0.0,18.0,11.0,0.0
TCGA-DD-AA3A-01,SNP,"intron_variant|3_prime_UTR_variant|splice_region_variant,intron_variant|missense_variant",0.0,5.0,2.0,0.0
TCGA-DD-AAC8-01,SNP|DEL,3_prime_UTR_variant|missense_variant|splice_acceptor_variant|stop_gained|splice_donor_variant|downstream_gene_variant|synonymous_variant|frameshift_variant,0.0,36.5,21.125,5.0
TCGA-DD-AAC9-01,SNP,synonymous_variant|non_coding_transcript_exon_variant|missense_variant|3_prime_UTR_variant|intron_variant|5_prime_UTR_variant,0.0,10.0,4.0,0.0
TCGA-DD-AACA-01,SNP,"synonymous_variant|missense_variant|intron_variant|stop_gained|missense_variant,splice_region_variant|3_prime_UTR_variant",0.0,16.0,12.0,1.0
TCGA-DD-AACB-01,SNP,missense_variant|synonymous_variant|3_prime_UTR_variant|intron_variant,0.0,15.0,8.0,0.0
TCGA-DD-AACC-01,SNP|DEL,"missense_variant|frameshift_variant|missense_variant,splice_region_variant|synonymous_variant|3_prime_UTR_variant",0.0,13.0,8.0,1.0
TCGA-DD-AACD-01,SNP,missense_variant|synonymous_variant|3_prime_UTR_variant,0.0,11.0,8.0,0.0
TCGA-DD-AACE-01,SNP,3_prime_UTR_variant|synonymous_variant|missense_variant|stop_gained|5_prime_UTR_variant,0.0,12.0,5.0,1.0
TCGA-DD-AACF-01,SNP,"missense_variant|synonymous_variant|intron_variant|3_prime_UTR_variant|splice_donor_variant|splice_acceptor_variant|missense_variant,splice_region_variant|5_prime_UTR_variant",0.0,16.0,6.0,2.0
TCGA-DD-AACG-01,SNP|DEL,synonymous_variant|3_prime_UTR_variant|downstream_gene_variant|missense_variant|inframe_deletion,0.0,15.0,7.0,0.0
TCGA-DD-AACH-01,SNP,missense_variant|splice_donor_variant|synonymous_variant|intron_variant|5_prime_UTR_variant,0.0,11.0,5.0,1.0
TCGA-DD-AACI-01,SNP|DEL,"intron_variant|downstream_gene_variant|stop_gained|missense_variant|3_prime_UTR_variant|frameshift_variant|synonymous_variant|5_prime_UTR_variant|3_prime_UTR_variant,NMD_transcript_variant|splice_region_variant,intron_variant",0.0,36.5,21.125,2.0
TCGA-DD-AACJ-01,SNP,synonymous_variant|missense_variant|5_prime_UTR_variant,0.0,7.0,3.0,0.0
TCGA-DD-AACK-01,SNP|INS,3_prime_UTR_variant|stop_gained|missense_variant|inframe_insertion|synonymous_variant|non_coding_transcript_exon_variant,0.0,16.0,8.0,2.0
TCGA-DD-AACL-01,SNP,"missense_variant|synonymous_variant|stop_gained|splice_acceptor_variant|missense_variant,splice_region_variant|non_coding_transcript_exon_variant|3_prime_UTR_variant|splice_region_variant,synonymous_variant",0.0,36.5,21.125,2.0
TCGA-DD-AACM-01,DEL|SNP,5_prime_UTR_variant|synonymous_variant|missense_variant|3_prime_UTR_variant|non_coding_transcript_exon_variant,0.0,12.0,3.0,0.0
TCGA-DD-AACN-01,SNP,missense_variant|5_prime_UTR_variant|splice_acceptor_variant|3_prime_UTR_variant|synonymous_variant,0.0,7.0,3.0,1.0
TCGA-DD-AACO-01,SNP,missense_variant|intron_variant|3_prime_UTR_variant,0.0,8.0,4.0,0.0
TCGA-DD-AACP-01,SNP|DEL,"missense_variant|synonymous_variant|intron_variant|3_prime_UTR_variant|missense_variant,splice_region_variant|stop_lost,3_prime_UTR_variant",0.0,21.0,13.0,0.0
TCGA-DD-AACQ-01,SNP|DEL,"3_prime_UTR_variant|missense_variant|splice_donor_variant|synonymous_variant|splice_region_variant,synonymous_variant|5_prime_UTR_variant|splice_acceptor_variant|stop_gained|frameshift_variant|splice_polypyrimidine_tract_variant,intron_variant",0.0,30.0,13.0,5.0
TCGA-DD-AACS-01,SNP|DEL,"missense_variant|missense_variant,splice_region_variant|inframe_deletion",0.0,6.0,5.0,0.0
TCGA-DD-AACT-01,SNP|DEL,"3_prime_UTR_variant|missense_variant,splice_region_variant|synonymous_variant|5_prime_UTR_variant|missense_variant|intron_variant|frameshift_variant|non_coding_transcript_exon_variant",0.0,31.0,16.0,2.0
TCGA-DD-AACU-01,SNP,"missense_variant|intron_variant|synonymous_variant|missense_variant,splice_region_variant|3_prime_UTR_variant",0.0,23.0,16.0,0.0
TCGA-DD-AACV-01,SNP|DEL|INS,missense_variant|synonymous_variant|3_prime_UTR_variant|non_coding_transcript_exon_variant|inframe_deletion|frameshift_variant,0.0,18.0,8.0,1.0
TCGA-DD-AACW-01,SNP|DEL,missense_variant|intron_variant|frameshift_variant|stop_gained,0.0,9.0,6.0,2.0
TCGA-DD-AACX-01,SNP|INS,synonymous_variant|missense_variant|3_prime_UTR_variant|stop_gained|frameshift_variant,0.0,23.0,11.0,2.0
TCGA-DD-AACY-01,SNP,synonymous_variant|missense_variant|3_prime_UTR_variant,0.0,8.0,3.0,0.0
TCGA-DD-AACZ-01,SNP|DEL,"synonymous_variant|stop_gained|missense_variant|3_prime_UTR_variant|frameshift_variant|missense_variant,splice_region_variant",0.0,18.0,6.0,4.0
TCGA-DD-AAD0-01,DEL|SNP,"frameshift_variant|synonymous_variant|start_lost|missense_variant,splice_region_variant|missense_variant|5_prime_UTR_variant|splice_region_variant,synonymous_variant",0.0,12.0,3.0,4.0
TCGA-DD-AAD1-01,SNP,missense_variant|synonymous_variant|stop_gained|3_prime_UTR_variant,0.0,20.0,13.0,1.0
TCGA-DD-AAD2-01,SNP,missense_variant|5_prime_UTR_variant|synonymous_variant|stop_gained|3_prime_UTR_variant,0.0,9.0,4.0,1.0
TCGA-DD-AAD3-01,SNP,missense_variant|3_prime_UTR_variant|synonymous_variant|5_prime_UTR_variant|splice_acceptor_variant,0.0,17.0,11.0,1.0
TCGA-DD-AAD5-01,SNP|DEL,"missense_variant|synonymous_variant|3_prime_UTR_variant|splice_acceptor_variant,intron_variant|splice_donor_variant",0.0,20.0,10.0,2.0
TCGA-DD-AAD6-01,SNP|DEL,missense_variant|synonymous_variant|stop_gained|3_prime_UTR_variant|frameshift_variant|splice_donor_variant,0.0,17.0,8.0,4.0
TCGA-DD-AAD8-01,SNP,"missense_variant|3_prime_UTR_variant|intron_variant|splice_acceptor_variant|stop_gained|synonymous_variant|splice_region_variant,synonymous_variant",0.0,20.0,6.0,3.0
TCGA-DD-AADA-01,DEL|SNP,"inframe_deletion,splice_region_variant|missense_variant|3_prime_UTR_variant|synonymous_variant|splice_donor_variant",0.0,15.0,10.0,1.0
TCGA-DD-AADB-01,SNP,missense_variant|synonymous_variant|3_prime_UTR_variant|stop_gained|5_prime_UTR_variant|intron_variant,0.0,20.0,12.0,1.0
TCGA-DD-AADC-01,SNP,"3_prime_UTR_variant|missense_variant|non_coding_transcript_exon_variant|synonymous_variant|missense_variant,splice_region_variant|5_prime_UTR_variant|splice_acceptor_variant",0.0,18.0,10.0,1.0
TCGA-DD-AADD-01,SNP,missense_variant|stop_gained|3_prime_UTR_variant|synonymous_variant,0.0,10.0,6.0,1.0
TCGA-DD-AADE-01,SNP|DEL,missense_variant|synonymous_variant|non_coding_transcript_exon_variant|3_prime_UTR_variant|splice_acceptor_variant|stop_gained,0.0,17.0,9.0,2.0
TCGA-DD-AADF-01,SNP|DEL,"missense_variant|3_prime_UTR_variant|synonymous_variant|stop_gained|frameshift_variant|missense_variant,splice_region_variant|5_prime_UTR_variant",0.0,30.0,15.0,3.0
TCGA-DD-AADG-01,SNP,"missense_variant|5_prime_UTR_variant|synonymous_variant|missense_variant,splice_region_variant|splice_donor_variant|intron_variant|3_prime_UTR_variant|missense_variant,NMD_transcript_variant|upstream_gene_variant|stop_lost",0.0,24.0,11.0,2.0
TCGA-DD-AADI-01,SNP|DEL,"synonymous_variant|missense_variant|5_prime_UTR_variant|frameshift_variant|splice_region_variant,intron_variant|stop_gained",0.0,14.0,3.0,2.0
TCGA-DD-AADJ-01,DEL|SNP,inframe_deletion|missense_variant,0.0,5.0,4.0,0.0
TCGA-DD-AADK-01,SNP|DEL,missense_variant|synonymous_variant|intron_variant|3_prime_UTR_variant,0.0,7.0,4.0,1.0
TCGA-DD-AADL-01,SNP,missense_variant|5_prime_UTR_variant|synonymous_variant,0.0,15.0,11.0,0.0
TCGA-DD-AADM-01,SNP|DEL,missense_variant|3_prime_UTR_variant|synonymous_variant|frameshift_variant|5_prime_UTR_variant,0.0,26.0,15.0,2.0
TCGA-DD-AADN-01,SNP,"missense_variant|3_prime_UTR_variant|non_coding_transcript_exon_variant|downstream_gene_variant|synonymous_variant|stop_gained|splice_region_variant,synonymous_variant",0.0,16.0,9.0,1.0
TCGA-DD-AADO-01,SNP|DEL,missense_variant|5_prime_UTR_variant|synonymous_variant|inframe_deletion|non_coding_transcript_exon_variant,0.0,26.0,13.0,0.0
TCGA-DD-AADP-01,SNP,"synonymous_variant|missense_variant|5_prime_UTR_variant|missense_variant,splice_region_variant|stop_gained|splice_acceptor_variant|non_coding_transcript_exon_variant",0.0,13.0,8.0,2.0
TCGA-DD-AADQ-01,SNP,missense_variant|synonymous_variant|stop_gained|3_prime_UTR_variant|5_prime_UTR_variant,0.0,17.0,11.0,1.0
TCGA-DD-AADR-01,SNP,"missense_variant|stop_gained,splice_region_variant|stop_gained|synonymous_variant|5_prime_UTR_variant",0.0,14.0,9.0,2.0
TCGA-DD-AADS-01,SNP,"synonymous_variant|missense_variant|3_prime_UTR_variant|missense_variant,splice_region_variant|intron_variant,non_coding_transcript_variant|non_coding_transcript_exon_variant|stop_gained",0.0,21.0,11.0,1.0
TCGA-DD-AADU-01,SNP,missense_variant|non_coding_transcript_exon_variant|synonymous_variant|5_prime_UTR_variant,0.0,10.0,6.0,0.0
TCGA-DD-AADV-01,SNP,"missense_variant,splice_region_variant|missense_variant|start_lost|synonymous_variant",0.0,13.0,10.0,1.0
TCGA-DD-AADW-01,SNP,synonymous_variant|missense_variant|intron_variant,0.0,8.0,5.0,0.0
TCGA-DD-AADY-01,SNP|DEL,synonymous_variant|missense_variant|intron_variant,0.0,5.0,2.0,0.0
TCGA-DD-AAE0-01,SNP,"3_prime_UTR_variant|non_coding_transcript_exon_variant|missense_variant,splice_region_variant|5_prime_UTR_variant|missense_variant|synonymous_variant|stop_gained,splice_region_variant",0.0,8.0,3.0,1.0
TCGA-DD-AAE1-01,SNP,3_prime_UTR_variant|missense_variant|stop_gained|synonymous_variant,0.0,9.0,4.0,1.0
TCGA-DD-AAE2-01,SNP|INS|DEL,synonymous_variant|3_prime_UTR_variant|missense_variant|frameshift_variant|intron_variant|inframe_deletion,0.0,14.0,3.0,1.0
TCGA-DD-AAE3-01,SNP|INS,missense_variant|intron_variant|3_prime_UTR_variant|5_prime_UTR_variant|synonymous_variant|stop_gained|splice_acceptor_variant|upstream_gene_variant,0.0,24.0,12.0,2.0
TCGA-DD-AAE4-01,SNP,missense_variant|synonymous_variant|intron_variant|5_prime_UTR_variant,0.0,9.0,5.0,0.0
TCGA-DD-AAE6-01,SNP|DEL,missense_variant|stop_gained|splice_donor_variant|synonymous_variant|frameshift_variant|3_prime_UTR_variant|intron_variant,0.0,14.0,6.0,3.0
TCGA-DD-AAE7-01,SNP|DEL|INS,"splice_region_variant,synonymous_variant|frameshift_variant|synonymous_variant|3_prime_UTR_variant|downstream_gene_variant|missense_variant|missense_variant,splice_region_variant|splice_acceptor_variant|5_prime_UTR_variant|inframe_insertion",0.0,36.5,18.0,5.0
TCGA-DD-AAE8-01,SNP,missense_variant|5_prime_UTR_variant,0.0,2.0,1.0,0.0
TCGA-DD-AAE9-01,SNP|DEL,3_prime_UTR_variant|missense_variant|inframe_deletion|non_coding_transcript_exon_variant|synonymous_variant|splice_acceptor_variant,0.0,18.0,10.0,1.0
TCGA-DD-AAEA-01,SNP|DEL|INS,"missense_variant|synonymous_variant|5_prime_UTR_variant|stop_lost,3_prime_UTR_variant|3_prime_UTR_variant|frameshift_variant",0.0,27.0,15.0,3.0
TCGA-DD-AAEB-01,SNP|DEL,3_prime_UTR_variant|stop_gained|upstream_gene_variant|intron_variant|missense_variant|5_prime_UTR_variant|synonymous_variant|non_coding_transcript_exon_variant|frameshift_variant|splice_acceptor_variant,0.0,23.0,9.0,3.0
TCGA-DD-AAED-01,SNP|DEL,missense_variant|synonymous_variant|3_prime_UTR_variant|intron_variant,0.0,10.0,6.0,0.0
TCGA-DD-AAEE-01,SNP|DEL,non_coding_transcript_exon_variant|3_prime_UTR_variant|missense_variant|intron_variant|synonymous_variant|5_prime_UTR_variant|inframe_deletion,0.0,11.0,2.0,0.0
TCGA-DD-AAEG-01,SNP,3_prime_UTR_variant|missense_variant|intron_variant,0.0,12.0,9.0,0.0
TCGA-DD-AAEH-01,SNP|DEL|INS,missense_variant|synonymous_variant|frameshift_variant|stop_gained,0.0,9.0,5.0,3.0
TCGA-DD-AAEI-01,SNP|DEL,"upstream_gene_variant|frameshift_variant|missense_variant,splice_region_variant|synonymous_variant|3_prime_UTR_variant|missense_variant|5_prime_UTR_variant",0.0,12.0,4.0,3.0
TCGA-DD-AAEK-01,SNP|DEL|INS,"missense_variant|splice_acceptor_variant|frameshift_variant|synonymous_variant|intron_variant,non_coding_transcript_variant|splice_acceptor_variant,coding_sequence_variant,intron_variant|intron_variant|5_prime_UTR_variant",0.0,14.0,4.0,5.0
TCGA-DD-AAVP-01,SNP,missense_variant|synonymous_variant|intron_variant|3_prime_UTR_variant|5_prime_UTR_variant,0.0,9.0,3.0,0.0
TCGA-DD-AAVQ-01,SNP|DEL,"missense_variant|synonymous_variant|missense_variant,splice_region_variant|frameshift_variant",0.0,11.0,9.0,1.0
TCGA-DD-AAVR-01,SNP,missense_variant|intron_variant|synonymous_variant,0.0,10.0,7.0,0.0
TCGA-DD-AAVS-01,SNP|DEL,"3_prime_UTR_variant|synonymous_variant|missense_variant|splice_region_variant,intron_variant|intron_variant|frameshift_variant",0.0,11.0,3.0,1.0
TCGA-DD-AAVU-01,DEL|SNP,"3_prime_UTR_variant|missense_variant|synonymous_variant|splice_region_variant,intron_variant|5_prime_UTR_variant",0.0,18.0,8.0,1.0
TCGA-DD-AAVV-01,SNP,intron_variant|synonymous_variant|3_prime_UTR_variant|missense_variant|upstream_gene_variant|splice_acceptor_variant|5_prime_UTR_variant,0.0,23.0,13.0,1.0
TCGA-DD-AAVW-01,SNP|DEL,start_lost|missense_variant|frameshift_variant,0.0,4.0,2.0,2.0
TCGA-DD-AAVX-01,SNP,missense_variant|synonymous_variant,0.0,9.0,6.0,0.0
TCGA-DD-AAVY-01,SNP,missense_variant|synonymous_variant|stop_gained|5_prime_UTR_variant|3_prime_UTR_variant|mature_miRNA_variant,0.0,17.0,9.0,1.0
TCGA-DD-AAVZ-01,SNP,3_prime_UTR_variant|intron_variant|synonymous_variant|missense_variant,0.0,4.0,1.0,0.0
TCGA-DD-AAW0-01,SNP,missense_variant|splice_acceptor_variant|5_prime_UTR_variant|non_coding_transcript_exon_variant,0.0,9.0,6.0,1.0
TCGA-DD-AAW1-01,SNP|DEL|INS,"missense_variant|synonymous_variant|3_prime_UTR_variant|frameshift_variant|inframe_insertion,splice_region_variant",0.0,10.0,6.0,1.0
TCGA-DD-AAW2-01,SNP,"3_prime_UTR_variant|synonymous_variant|missense_variant|splice_acceptor_variant|downstream_gene_variant|intron_variant|splice_region_variant,synonymous_variant",0.0,22.0,12.0,1.0
TCGA-DD-AAW3-01,SNP,3_prime_UTR_variant|5_prime_UTR_variant|missense_variant|stop_gained|synonymous_variant|intron_variant|upstream_gene_variant,0.0,13.0,5.0,2.0
TCGA-ED-A459-01,SNP,synonymous_variant|5_prime_UTR_variant|missense_variant|stop_gained|3_prime_UTR_variant,0.0,29.0,20.0,1.0
TCGA-ED-A4XI-01,SNP,"missense_variant|stop_gained|synonymous_variant|non_coding_transcript_exon_variant|missense_variant,NMD_transcript_variant|5_prime_UTR_variant|intron_variant",0.0,27.0,17.0,1.0
TCGA-ED-A5KG-01,SNP,missense_variant|synonymous_variant,0.0,3.0,2.0,0.0
TCGA-ED-A627-01,SNP,intron_variant,0.0,1.0,0.0,0.0
TCGA-ED-A66X-01,SNP,stop_gained|missense_variant,0.0,4.0,3.0,1.0
TCGA-ED-A66Y-01,SNP|DEL,"missense_variant|splice_region_variant,intron_variant|3_prime_UTR_variant|frameshift_variant|synonymous_variant|splice_region_variant,synonymous_variant|stop_gained",0.0,19.0,11.0,2.0
TCGA-ED-A7PX-01,INS|SNP,frameshift_variant|missense_variant,0.0,5.0,4.0,1.0
TCGA-ED-A7PY-01,SNP,missense_variant|synonymous_variant|upstream_gene_variant,0.0,5.0,2.0,0.0
TCGA-ED-A7PZ-01,SNP|DEL,"intron_variant|missense_variant,splice_region_variant|synonymous_variant|missense_variant|3_prime_UTR_variant|inframe_deletion|non_coding_transcript_exon_variant|stop_gained,splice_region_variant|upstream_gene_variant",0.0,36.5,21.0,1.0
TCGA-ED-A7XO-01,SNP|DEL,synonymous_variant|frameshift_variant|missense_variant,0.0,6.0,4.0,1.0
TCGA-ED-A7XP-01,SNP,missense_variant|3_prime_UTR_variant|synonymous_variant,0.0,13.0,9.0,0.0
TCGA-ED-A82E-01,SNP,"missense_variant,splice_region_variant|missense_variant|synonymous_variant|intron_variant",0.0,6.0,3.0,0.0
TCGA-ED-A8O5-01,SNP|INS,3_prime_UTR_variant|splice_donor_variant|synonymous_variant|missense_variant|5_prime_UTR_variant,0.0,14.0,6.0,2.0
TCGA-ED-A8O6-01,SNP,"missense_variant|synonymous_variant|splice_region_variant,intron_variant|missense_variant,splice_region_variant|stop_gained",0.0,16.0,9.0,2.0
TCGA-ED-A97K-01,SNP,missense_variant,0.0,1.0,1.0,0.0
TCGA-EP-A12J-01,SNP,synonymous_variant|missense_variant|intron_variant|5_prime_UTR_variant,0.0,6.0,2.0,0.0
TCGA-EP-A26S-01,SNP|DEL,"stop_gained|frameshift_variant|non_coding_transcript_exon_variant|upstream_gene_variant|5_prime_UTR_variant|synonymous_variant|missense_variant|intron_variant|3_prime_UTR_variant|missense_variant,splice_region_variant",0.0,29.0,9.0,3.0
TCGA-EP-A2KA-01,SNP|INS|DEL,"synonymous_variant|missense_variant|missense_variant,NMD_transcript_variant|frameshift_variant|5_prime_UTR_variant|intron_variant",0.0,13.0,5.0,1.0
TCGA-EP-A2KB-01,SNP,"missense_variant|3_prime_UTR_variant|synonymous_variant|splice_region_variant,intron_variant",0.0,8.0,5.0,0.0
TCGA-EP-A2KC-01,SNP,"missense_variant|synonymous_variant|missense_variant,splice_region_variant|stop_gained",0.0,13.0,8.0,1.0
TCGA-EP-A3JL-01,SNP|DEL,missense_variant|splice_acceptor_variant|synonymous_variant|inframe_deletion,0.0,13.0,8.0,1.0
TCGA-EP-A3RK-01,SNP,"missense_variant|3_prime_UTR_variant|synonymous_variant|intron_variant|missense_variant,splice_region_variant",0.0,20.0,13.0,0.0
TCGA-ES-A2HS-01,SNP,"synonymous_variant|missense_variant|missense_variant,splice_region_variant",0.0,13.0,8.0,0.0
TCGA-ES-A2HT-01,SNP,"missense_variant|synonymous_variant|3_prime_UTR_variant,NMD_transcript_variant",0.0,10.0,8.0,0.0
TCGA-FV-A23B-01,SNP|INS,missense_variant|3_prime_UTR_variant|stop_gained|synonymous_variant|frameshift_variant,0.0,17.0,10.0,2.0
TCGA-FV-A2QQ-01,SNP|DEL|INS,"synonymous_variant|frameshift_variant|missense_variant|missense_variant,splice_region_variant|stop_gained|splice_region_variant,synonymous_variant|3_prime_UTR_variant",0.0,21.0,7.0,4.0
TCGA-FV-A2QR-01,DEL|SNP,frameshift_variant|5_prime_UTR_variant|missense_variant|non_coding_transcript_exon_variant|inframe_deletion|3_prime_UTR_variant|synonymous_variant|intron_variant,0.0,20.0,7.0,2.0
TCGA-FV-A3I0-01,SNP|DEL,"missense_variant|synonymous_variant|non_coding_transcript_exon_variant|frameshift_variant|frameshift_variant,splice_region_variant",0.0,11.0,6.0,2.0
TCGA-FV-A3I1-01,SNP,synonymous_variant|non_coding_transcript_exon_variant|missense_variant|3_prime_UTR_variant|5_prime_UTR_variant,0.0,24.0,17.0,0.0
TCGA-FV-A3R2-01,SNP,synonymous_variant|stop_gained|missense_variant,0.0,10.0,5.0,1.0
TCGA-FV-A3R3-01,SNP,missense_variant|non_coding_transcript_exon_variant|synonymous_variant|stop_gained,0.0,12.0,8.0,1.0
TCGA-FV-A495-01,SNP,synonymous_variant|missense_variant|3_prime_UTR_variant|stop_gained|mature_miRNA_variant,0.0,26.0,19.0,1.0
TCGA-FV-A496-01,SNP|DEL,"missense_variant|5_prime_UTR_variant|stop_gained|synonymous_variant|inframe_deletion|frameshift_variant|intron_variant|missense_variant,splice_region_variant",0.0,29.0,18.0,3.0
TCGA-FV-A4ZP-01,SNP|DEL,"missense_variant|synonymous_variant|missense_variant,splice_region_variant|frameshift_variant|3_prime_UTR_variant",0.0,19.0,14.0,1.0
TCGA-FV-A4ZQ-01,SNP|DEL,missense_variant|intron_variant|synonymous_variant|splice_acceptor_variant|stop_gained|5_prime_UTR_variant,0.0,13.0,4.0,2.0
TCGA-G3-A25S-01,SNP,mature_miRNA_variant|missense_variant|splice_donor_variant|stop_gained|3_prime_UTR_variant|synonymous_variant,0.0,17.0,9.0,2.0
TCGA-G3-A25T-01,SNP,splice_acceptor_variant|missense_variant|3_prime_UTR_variant,0.0,11.0,8.0,1.0
TCGA-G3-A25U-01,SNP,"stop_gained|splice_acceptor_variant|missense_variant|3_prime_UTR_variant|synonymous_variant|missense_variant,splice_region_variant|intron_variant",0.0,15.0,8.0,2.0
TCGA-G3-A25V-01,SNP,"splice_region_variant,intron_variant|synonymous_variant|3_prime_UTR_variant|stop_gained|missense_variant|non_coding_transcript_exon_variant|intron_variant",0.0,13.0,2.0,1.0
TCGA-G3-A25W-01,SNP|DEL,synonymous_variant|missense_variant|stop_gained|frameshift_variant|3_prime_UTR_variant,0.0,18.0,10.0,2.0
TCGA-G3-A25Y-01,SNP,"missense_variant|missense_variant,splice_region_variant|stop_gained|intron_variant|non_coding_transcript_exon_variant",0.0,15.0,12.0,1.0
TCGA-G3-A25Z-01,SNP,synonymous_variant|missense_variant|5_prime_UTR_variant,0.0,15.0,11.0,0.0
TCGA-G3-A3CH-01,SNP|DEL,missense_variant|frameshift_variant|stop_gained|3_prime_UTR_variant,0.0,6.0,3.0,2.0
TCGA-G3-A3CI-01,SNP,missense_variant,0.0,2.0,2.0,0.0
TCGA-G3-A3CK-01,SNP|DEL,"missense_variant|3_prime_UTR_variant|synonymous_variant|splice_acceptor_variant|splice_region_variant,synonymous_variant|stop_gained|intron_variant|missense_variant,splice_region_variant|frameshift_variant",0.0,36.5,20.0,3.0
TCGA-G3-A5SI-01,SNP|INS,"missense_variant|5_prime_UTR_variant|frameshift_variant|intron_variant,NMD_transcript_variant",0.0,4.0,1.0,1.0
TCGA-G3-A5SJ-01,SNP|DEL,"missense_variant|synonymous_variant|missense_variant,splice_region_variant|3_prime_UTR_variant",0.0,16.0,13.0,0.0
TCGA-G3-A5SK-01,DEL|SNP,frameshift_variant|missense_variant|intron_variant|synonymous_variant|3_prime_UTR_variant,0.0,15.0,11.0,1.0
TCGA-G3-A5SL-01,SNP|DEL,"5_prime_UTR_variant|missense_variant|synonymous_variant|intron_variant|frameshift_variant|non_coding_transcript_exon_variant|missense_variant,NMD_transcript_variant|missense_variant,splice_region_variant",0.0,20.0,15.0,1.0
TCGA-G3-A5SM-01,SNP,"synonymous_variant|missense_variant|stop_gained|splice_region_variant,intron_variant",0.0,15.0,9.0,1.0
TCGA-G3-A6UC-01,SNP,"3_prime_UTR_variant|missense_variant|synonymous_variant|5_prime_UTR_variant|missense_variant,splice_region_variant",0.0,17.0,12.0,0.0
TCGA-G3-A7M5-01,SNP,"synonymous_variant|stop_gained|missense_variant|5_prime_UTR_variant|stop_gained,NMD_transcript_variant|missense_variant,splice_region_variant",0.0,18.0,11.0,3.0
TCGA-G3-A7M6-01,SNP|DEL,missense_variant|synonymous_variant|frameshift_variant|intron_variant,0.0,12.0,5.0,1.0
TCGA-G3-A7M7-01,SNP,missense_variant|synonymous_variant|non_coding_transcript_exon_variant,0.0,9.0,6.0,0.0
TCGA-G3-A7M8-01,SNP,synonymous_variant|5_prime_UTR_variant|missense_variant,0.0,4.0,2.0,0.0
TCGA-G3-A7M9-01,SNP|DEL,3_prime_UTR_variant|synonymous_variant|missense_variant|stop_gained|intron_variant|frameshift_variant,0.0,22.0,9.0,2.0
TCGA-G3-AAUZ-01,SNP,"synonymous_variant|missense_variant|5_prime_UTR_variant|splice_region_variant,intron_variant|intron_variant",0.0,7.0,3.0,0.0
TCGA-G3-AAV0-01,SNP|DEL|INS,"synonymous_variant|missense_variant|splice_acceptor_variant,coding_sequence_variant,intron_variant|5_prime_UTR_variant|non_coding_transcript_exon_variant|missense_variant,splice_region_variant|inframe_insertion|frameshift_variant|3_prime_UTR_variant|stop_gained",0.0,30.0,17.0,3.0
TCGA-G3-AAV1-01,SNP|DEL,"non_coding_transcript_exon_variant|synonymous_variant|intron_variant|splice_donor_variant,coding_sequence_variant,intron_variant|missense_variant|3_prime_UTR_variant",0.0,8.0,2.0,1.0
TCGA-G3-AAV2-01,SNP|DEL|INS,"synonymous_variant|splice_donor_variant,splice_acceptor_variant,coding_sequence_variant,intron_variant|stop_gained,splice_region_variant|3_prime_UTR_variant|5_prime_UTR_variant|missense_variant",0.0,9.0,1.0,2.0
TCGA-G3-AAV3-01,SNP|DEL,"upstream_gene_variant|missense_variant|synonymous_variant|3_prime_UTR_variant|missense_variant,splice_region_variant|5_prime_UTR_variant|inframe_deletion|stop_gained",0.0,16.0,8.0,1.0
TCGA-G3-AAV4-01,SNP|DEL,"missense_variant|synonymous_variant|5_prime_UTR_variant|splice_acceptor_variant,coding_sequence_variant,intron_variant",0.0,13.0,9.0,1.0
TCGA-G3-AAV5-01,SNP|DEL|INS,"splice_region_variant,synonymous_variant|missense_variant|inframe_deletion|frameshift_variant|stop_gained|synonymous_variant|3_prime_UTR_variant",0.0,14.0,5.0,2.0
TCGA-G3-AAV6-01,SNP,synonymous_variant|missense_variant|stop_gained,0.0,8.0,4.0,1.0
TCGA-G3-AAV7-01,SNP|DEL,"synonymous_variant|missense_variant|3_prime_UTR_variant|frameshift_variant,splice_region_variant|stop_gained|5_prime_UTR_variant|inframe_deletion|non_coding_transcript_exon_variant",0.0,21.0,9.0,2.0
TCGA-GJ-A3OU-01,INS|SNP,"frameshift_variant|missense_variant|synonymous_variant|missense_variant,splice_region_variant",0.0,14.0,9.0,1.0
TCGA-GJ-A6C0-01,SNP,"missense_variant|3_prime_UTR_variant|synonymous_variant|5_prime_UTR_variant|splice_region_variant,intron_variant|stop_gained|splice_acceptor_variant|splice_region_variant,synonymous_variant|intron_variant",0.0,34.0,15.0,2.0
TCGA-GJ-A9DB-01,SNP,synonymous_variant|stop_gained|splice_acceptor_variant|missense_variant,0.0,20.0,8.0,4.0
TCGA-HP-A5MZ-01,SNP,missense_variant|synonymous_variant,0.0,11.0,10.0,0.0
TCGA-HP-A5N0-01,SNP|DEL,"missense_variant|frameshift_variant|non_coding_transcript_exon_variant|synonymous_variant|3_prime_UTR_variant|splice_donor_variant|splice_region_variant,synonymous_variant",0.0,16.0,7.0,2.0
TCGA-K7-A5RF-01,SNP,missense_variant|intron_variant|synonymous_variant|stop_gained|3_prime_UTR_variant,0.0,15.0,4.0,1.0
TCGA-K7-A5RG-01,SNP|DEL,"synonymous_variant|non_coding_transcript_exon_variant|missense_variant|splice_donor_variant,coding_sequence_variant,intron_variant|upstream_gene_variant|intron_variant|3_prime_UTR_variant|frameshift_variant",0.0,35.0,19.0,2.0
TCGA-K7-A6G5-01,SNP,synonymous_variant|missense_variant|3_prime_UTR_variant|upstream_gene_variant,0.0,12.0,5.0,0.0
TCGA-K7-AAU7-01,SNP|DEL,missense_variant|frameshift_variant|synonymous_variant|3_prime_UTR_variant|intron_variant,0.0,15.0,6.0,2.0
TCGA-KR-A7K0-01,SNP,"synonymous_variant|3_prime_UTR_variant|missense_variant|stop_gained|splice_region_variant,synonymous_variant|splice_region_variant,intron_variant",0.0,12.0,4.0,2.0
TCGA-KR-A7K2-01,SNP,missense_variant|5_prime_UTR_variant|3_prime_UTR_variant|synonymous_variant,0.0,12.0,7.0,0.0
TCGA-KR-A7K7-01,SNP,stop_gained|synonymous_variant|non_coding_transcript_exon_variant|intron_variant|stop_retained_variant|missense_variant,0.0,7.0,1.0,2.0
TCGA-KR-A7K8-01,SNP,stop_gained|missense_variant|5_prime_UTR_variant|synonymous_variant,0.0,10.0,7.0,1.0
TCGA-LG-A6GG-01,SNP|DEL,"3_prime_UTR_variant|synonymous_variant|missense_variant|splice_donor_variant|missense_variant,splice_region_variant|missense_variant,NMD_transcript_variant|splice_region_variant,synonymous_variant|frameshift_variant|splice_acceptor_variant|downstream_gene_variant",0.0,36.5,21.125,4.0
TCGA-LG-A9QC-01,SNP|DEL,"missense_variant|3_prime_UTR_variant|frameshift_variant|synonymous_variant|splice_region_variant,synonymous_variant",0.0,13.0,5.0,1.0
TCGA-LG-A9QD-01,SNP|DEL,synonymous_variant|missense_variant|3_prime_UTR_variant|frameshift_variant|intron_variant|5_prime_UTR_variant,0.0,18.0,12.0,1.0
TCGA-MI-A75C-01,SNP,5_prime_UTR_variant|missense_variant|synonymous_variant|intron_variant|mature_miRNA_variant,0.0,12.0,5.0,0.0
TCGA-MI-A75E-01,SNP,3_prime_UTR_variant|missense_variant|stop_gained|downstream_gene_variant|synonymous_variant,0.0,18.0,8.0,1.0
TCGA-MI-A75G-01,SNP|DEL,missense_variant|stop_gained|synonymous_variant|frameshift_variant|5_prime_UTR_variant|inframe_deletion|3_prime_UTR_variant|intron_variant,0.0,34.0,18.0,3.0
TCGA-MI-A75H-01,SNP,"missense_variant|non_coding_transcript_exon_variant|3_prime_UTR_variant|synonymous_variant|missense_variant,splice_region_variant",0.0,22.0,14.0,0.0
TCGA-MI-A75I-01,SNP,"missense_variant|synonymous_variant|3_prime_UTR_variant|intron_variant,non_coding_transcript_variant|splice_acceptor_variant",0.0,19.0,12.0,1.0
TCGA-MR-A520-01,SNP,synonymous_variant|splice_donor_variant|missense_variant,0.0,3.0,1.0,1.0
TCGA-MR-A8JO-01,SNP,missense_variant,0.0,5.0,5.0,0.0
TCGA-NI-A4U2-01,SNP|INS,"3_prime_UTR_variant|missense_variant|stop_gained|intron_variant|inframe_insertion|synonymous_variant|5_prime_UTR_variant|stop_gained,splice_region_variant",0.0,28.0,19.0,3.0
TCGA-NI-A8LF-01,SNP,"synonymous_variant|intron_variant|missense_variant,splice_region_variant|3_prime_UTR_variant|missense_variant|5_prime_UTR_variant",0.0,12.0,6.0,0.0
TCGA-O8-A75V-01,SNP,missense_variant|synonymous_variant|3_prime_UTR_variant|stop_gained,0.0,15.0,9.0,3.0
TCGA-PD-A5DF-01,SNP,5_prime_UTR_variant|3_prime_UTR_variant|missense_variant|synonymous_variant,0.0,6.0,3.0,0.0
TCGA-QA-A7B7-01,SNP|DEL,missense_variant|non_coding_transcript_exon_variant|3_prime_UTR_variant|inframe_deletion,0.0,12.0,7.0,0.0
TCGA-RC-A6M3-01,SNP,missense_variant|intron_variant|3_prime_UTR_variant|synonymous_variant,0.0,7.0,4.0,0.0
TCGA-RC-A6M4-01,SNP|DEL,missense_variant|splice_donor_variant|synonymous_variant|5_prime_UTR_variant|frameshift_variant|3_prime_UTR_variant|stop_gained|downstream_gene_variant,0.0,29.0,15.0,5.0
TCGA-RC-A6M5-01,SNP,missense_variant|5_prime_UTR_variant,0.0,4.0,3.0,0.0
TCGA-RC-A6M6-01,SNP|INS|DEL,"missense_variant|5_prime_UTR_variant|synonymous_variant|frameshift_variant|stop_gained|3_prime_UTR_variant|splice_acceptor_variant,coding_sequence_variant,intron_variant",0.0,21.0,9.0,4.0
TCGA-RC-A7S9-01,SNP,synonymous_variant|missense_variant|stop_gained|3_prime_UTR_variant|5_prime_UTR_variant,0.0,9.0,4.0,1.0
TCGA-RC-A7SB-01,SNP|INS,synonymous_variant|missense_variant|3_prime_UTR_variant|stop_gained,0.0,6.0,3.0,1.0
TCGA-RC-A7SF-01,SNP,"missense_variant|synonymous_variant|splice_region_variant,synonymous_variant",0.0,7.0,5.0,0.0
TCGA-RC-A7SH-01,SNP,synonymous_variant|missense_variant|3_prime_UTR_variant,0.0,14.0,8.0,1.0
TCGA-RC-A7SK-01,SNP|INS,missense_variant|synonymous_variant|start_lost|intron_variant|splice_acceptor_variant|frameshift_variant|3_prime_UTR_variant|stop_gained,0.0,27.0,14.0,3.0
TCGA-RG-A7D4-01,SNP,synonymous_variant|missense_variant|3_prime_UTR_variant,0.0,11.0,5.0,0.0
TCGA-UB-A7MA-01,SNP,"missense_variant|missense_variant,splice_region_variant|synonymous_variant",0.0,8.0,7.0,0.0
TCGA-UB-A7MB-01,SNP|DEL,"synonymous_variant|missense_variant|splice_acceptor_variant|upstream_gene_variant|3_prime_UTR_variant|intron_variant|non_coding_transcript_exon_variant|missense_variant,splice_region_variant|5_prime_UTR_variant|stop_gained",0.0,36.5,21.125,5.0
TCGA-UB-A7MC-01,SNP,3_prime_UTR_variant|synonymous_variant|missense_variant|5_prime_UTR_variant,0.0,8.0,4.0,0.0
TCGA-UB-A7MD-01,SNP|DEL|INS,"missense_variant|frameshift_variant|stop_lost|synonymous_variant|intron_variant|missense_variant,splice_region_variant|3_prime_UTR_variant",0.0,22.0,10.0,5.0
TCGA-UB-A7ME-01,SNP|DEL,missense_variant|3_prime_UTR_variant|synonymous_variant|inframe_deletion|splice_donor_variant,0.0,10.0,3.0,1.0
TCGA-UB-A7MF-01,SNP,missense_variant|synonymous_variant|5_prime_UTR_variant|intron_variant|3_prime_UTR_variant,0.0,15.0,6.0,0.0
TCGA-UB-AA0U-01,DEL|SNP|INS,"inframe_deletion|splice_donor_variant,coding_sequence_variant,intron_variant|missense_variant|frameshift_variant|3_prime_UTR_variant|synonymous_variant",0.0,15.0,10.0,2.0
TCGA-UB-AA0V-01,SNP,missense_variant|stop_gained|synonymous_variant,0.0,7.0,5.0,1.0
TCGA-WJ-A86L-01,SNP|DEL,"missense_variant|intron_variant|missense_variant,splice_region_variant|inframe_deletion|stop_gained|synonymous_variant|3_prime_UTR_variant",0.0,21.0,13.0,2.0
TCGA-WQ-A9G7-01,SNP|DEL|INS,"missense_variant|synonymous_variant|3_prime_UTR_variant|5_prime_UTR_variant|upstream_gene_variant|intron_variant|splice_acceptor_variant|frameshift_variant|splice_donor_variant,intron_variant|stop_gained",0.0,36.5,21.125,5.0
TCGA-WQ-AB4B-01,SNP|INS,non_coding_transcript_exon_variant|frameshift_variant|missense_variant|3_prime_UTR_variant|synonymous_variant,0.0,8.0,4.0,1.0
TCGA-WX-AA44-01,SNP,5_prime_UTR_variant|synonymous_variant|splice_acceptor_variant|missense_variant|stop_gained|intron_variant,0.0,13.0,4.0,2.0
TCGA-WX-AA46-01,SNP,synonymous_variant|5_prime_UTR_variant|intron_variant|missense_variant|3_prime_UTR_variant,0.0,7.0,3.0,0.0
TCGA-WX-AA47-01,SNP,missense_variant,0.0,5.0,5.0,0.0
TCGA-XR-A8TD-01,SNP,5_prime_UTR_variant|missense_variant|synonymous_variant,0.0,7.0,5.0,0.0
TCGA-XR-A8TE-01,SNP,missense_variant,0.0,2.0,2.0,0.0
TCGA-XR-A8TF-01,SNP,missense_variant|3_prime_UTR_variant|synonymous_variant|upstream_gene_variant|stop_gained|5_prime_UTR_variant|non_coding_transcript_exon_variant|intron_variant,0.0,31.0,14.0,1.0
TCGA-XR-A8TG-01,SNP,missense_variant|synonymous_variant|3_prime_UTR_variant|5_prime_UTR_variant,0.0,11.0,5.0,0.0
TCGA-YA-A8S7-01,SNP|DEL,missense_variant|synonymous_variant|5_prime_UTR_variant|inframe_deletion|3_prime_UTR_variant,0.0,13.0,6.0,0.0
TCGA-ZP-A9CV-01,SNP|DEL,stop_gained|intron_variant|missense_variant|5_prime_UTR_variant|splice_acceptor_variant|frameshift_variant|synonymous_variant,0.0,13.0,7.0,3.0
TCGA-ZP-A9CY-01,SNP|DEL,missense_variant|synonymous_variant|frameshift_variant|5_prime_UTR_variant,0.0,15.0,11.0,1.0
TCGA-ZP-A9CZ-01,SNP|DEL,"synonymous_variant|missense_variant|5_prime_UTR_variant|intron_variant|intron_variant,non_coding_transcript_variant|stop_gained|downstream_gene_variant",0.0,18.0,7.0,2.0
TCGA-ZP-A9D0-01,SNP|DEL,"missense_variant|synonymous_variant|frameshift_variant|splice_region_variant,synonymous_variant",0.0,9.0,4.0,1.0
TCGA-ZP-A9D1-01,SNP,"synonymous_variant|missense_variant|3_prime_UTR_variant|missense_variant,splice_region_variant|5_prime_UTR_variant",0.0,23.0,13.0,0.0
TCGA-ZP-A9D2-01,SNP,intron_variant|synonymous_variant|missense_variant,0.0,3.0,1.0,0.0
TCGA-ZP-A9D4-01,SNP,stop_gained|synonymous_variant|missense_variant,0.0,8.0,6.0,1.0
TCGA-ZS-A9CD-01,SNP,intron_variant|synonymous_variant|3_prime_UTR_variant|missense_variant|downstream_gene_variant,0.0,12.0,5.0,0.0
TCGA-ZS-A9CE-01,SNP|DEL,"missense_variant|splice_polypyrimidine_tract_variant,intron_variant|synonymous_variant|protein_altering_variant|5_prime_UTR_variant",0.0,20.0,12.0,0.0
TCGA-ZS-A9CF-01,SNP,"missense_variant|synonymous_variant|stop_gained|splice_acceptor_variant|missense_variant,splice_region_variant",0.0,13.0,6.0,3.0
TCGA-ZS-A9CG-01,SNP|DEL,synonymous_variant|frameshift_variant|missense_variant,0.0,6.0,2.0,2.0
