survival_status,sample_id,study_id,patient_id,age,overall_survival,stage_data,missense_mutations,sequencing_phase,total_mutations,high_impact_mutations
0.0,TCGA-2V-A95S-01,lihc_tcga_pan_can_atlas_2018,TCGA-2V-A95S,54.6,11.026728476200002,1.0,8.0,0.0,18.0,1.0
1.0,TCGA-2Y-A9GS-01,lihc_tcga_pan_can_atlas_2018,TCGA-2Y-A9GS,58.0,23.80247888,6.0,5.0,0.0,10.0,1.0
1.0,TCGA-2Y-A9GT-01,lihc_tcga_pan_can_atlas_2018,TCGA-2Y-A9GT,51.0,53.39119571,0.0,10.0,0.0,17.0,2.0
0.0,TCGA-2Y-A9GU-01,lihc_tcga_pan_can_atlas_2018,TCGA-2Y-A9GU,55.0,63.74724661,0.0,14.0,0.0,23.0,3.0
1.0,TCGA-2Y-A9GV-01,lihc_tcga_pan_can_atlas_2018,TCGA-2Y-A9GV,54.0,73.011802613025,0.0,4.0,0.0,8.0,0.0
1.0,TCGA-2Y-A9GW-01,lihc_tcga_pan_can_atlas_2018,TCGA-2Y-A9GW,64.0,41.78584344,0.0,5.0,0.0,11.0,1.0
0.0,TCGA-2Y-A9GX-01,lihc_tcga_pan_can_atlas_2018,TCGA-2Y-A9GX,68.0,73.011802613025,0.0,4.0,0.0,6.0,1.0
1.0,TCGA-2Y-A9GY-01,lihc_tcga_pan_can_atlas_2018,TCGA-2Y-A9GY,64.0,24.88739849,1.0,2.0,0.0,6.0,2.0
1.0,TCGA-2Y-A9GZ-01,lihc_tcga_pan_can_atlas_2018,TCGA-2Y-A9GZ,82.0,27.87914653,1.0,9.0,0.0,18.0,2.0
0.0,TCGA-2Y-A9H0-01,lihc_tcga_pan_can_atlas_2018,TCGA-2Y-A9H0,49.0,73.011802613025,3.0,6.0,0.0,12.0,0.0
1.0,TCGA-2Y-A9H1-01,lihc_tcga_pan_can_atlas_2018,TCGA-2Y-A9H1,58.0,40.40503666,0.0,10.0,0.0,22.0,2.0
0.0,TCGA-2Y-A9H2-01,lihc_tcga_pan_can_atlas_2018,TCGA-2Y-A9H2,64.0,56.90896538,0.0,6.0,0.0,9.0,0.0
0.0,TCGA-2Y-A9H3-01,lihc_tcga_pan_can_atlas_2018,TCGA-2Y-A9H3,45.0,49.84054969,1.0,9.0,0.0,34.0,5.0
0.0,TCGA-2Y-A9H4-01,lihc_tcga_pan_can_atlas_2018,TCGA-2Y-A9H4,68.0,47.73646316,0.0,6.0,0.0,15.0,2.0
1.0,TCGA-2Y-A9H5-01,lihc_tcga_pan_can_atlas_2018,TCGA-2Y-A9H5,59.0,18.24637538,0.0,6.0,0.0,10.0,2.0
0.0,TCGA-2Y-A9H6-01,lihc_tcga_pan_can_atlas_2018,TCGA-2Y-A9H6,68.0,11.73685768,0.0,6.0,0.0,8.0,1.0
0.0,TCGA-2Y-A9H7-01,lihc_tcga_pan_can_atlas_2018,TCGA-2Y-A9H7,81.0,38.39957918,0.0,4.0,0.0,9.0,1.0
1.0,TCGA-2Y-A9H8-01,lihc_tcga_pan_can_atlas_2018,TCGA-2Y-A9H8,85.0,20.81073084,1.0,2.0,0.0,7.0,0.0
0.0,TCGA-2Y-A9H9-01,lihc_tcga_pan_can_atlas_2018,TCGA-2Y-A9H9,70.0,22.91481737,0.0,8.0,0.0,15.0,0.0
1.0,TCGA-2Y-A9HA-01,lihc_tcga_pan_can_atlas_2018,TCGA-2Y-A9HA,70.0,1.183548673,1.0,11.0,0.0,19.0,1.0
0.0,TCGA-2Y-A9HB-01,lihc_tcga_pan_can_atlas_2018,TCGA-2Y-A9HB,66.0,8.54785153,0.0,7.0,0.0,14.0,0.0
0.0,TCGA-3K-AAZ8-01,lihc_tcga_pan_can_atlas_2018,TCGA-3K-AAZ8,65.0,13.01903541,4.0,9.0,0.0,19.0,3.0
1.0,TCGA-4R-AA8I-01,lihc_tcga_pan_can_atlas_2018,TCGA-4R-AA8I,66.0,8.613604235,1.0,21.125,0.0,36.5,5.0
0.0,TCGA-5C-A9VG-01,lihc_tcga_pan_can_atlas_2018,TCGA-5C-A9VG,58.0,10.78344347,1.0,9.0,0.0,20.0,1.0
0.0,TCGA-5C-A9VH-01,lihc_tcga_pan_can_atlas_2018,TCGA-5C-A9VH,70.0,10.58618536,0.0,10.0,0.0,14.0,2.0
0.0,TCGA-5C-AAPD-01,lihc_tcga_pan_can_atlas_2018,TCGA-5C-AAPD,61.0,0.657527041,1.0,5.0,0.0,8.0,1.0
0.0,TCGA-5R-AA1C-01,lihc_tcga_pan_can_atlas_2018,TCGA-5R-AA1C,57.0,17.09570306,1.0,6.0,0.0,12.0,1.0
0.0,TCGA-5R-AA1D-01,lihc_tcga_pan_can_atlas_2018,TCGA-5R-AA1D,24.0,14.76148207,3.0,3.0,0.0,5.0,0.0
1.0,TCGA-5R-AAAM-01,lihc_tcga_pan_can_atlas_2018,TCGA-5R-AAAM,65.0,1.512312194,1.0,3.0,0.0,13.0,1.0
0.0,TCGA-BC-4073-01,lihc_tcga_pan_can_atlas_2018,TCGA-BC-4073,73.0,27.91202288,3.0,12.0,0.0,24.0,1.0
1.0,TCGA-BC-A10Q-01,lihc_tcga_pan_can_atlas_2018,TCGA-BC-A10Q,72.0,37.31465957,7.5,3.0,0.0,7.0,0.0
1.0,TCGA-BC-A10R-01,lihc_tcga_pan_can_atlas_2018,TCGA-BC-A10R,66.0,10.12591643,7.5,8.0,0.0,13.0,2.0
1.0,TCGA-BC-A10T-01,lihc_tcga_pan_can_atlas_2018,TCGA-BC-A10T,76.0,27.51750666,7.5,7.0,0.0,14.0,0.0
1.0,TCGA-BC-A10U-01,lihc_tcga_pan_can_atlas_2018,TCGA-BC-A10U,69.0,27.51750666,7.5,13.0,0.0,21.0,2.0
1.0,TCGA-BC-A10W-01,lihc_tcga_pan_can_atlas_2018,TCGA-BC-A10W,50.0,2.991748036,7.5,5.0,0.0,10.0,2.0
1.0,TCGA-BC-A10X-01,lihc_tcga_pan_can_atlas_2018,TCGA-BC-A10X,52.0,25.31479107,3.0,0.0,0.0,1.0,0.0
1.0,TCGA-BC-A10Y-01,lihc_tcga_pan_can_atlas_2018,TCGA-BC-A10Y,76.0,23.3750863,7.5,7.0,0.0,15.0,1.0
1.0,TCGA-BC-A10Z-01,lihc_tcga_pan_can_atlas_2018,TCGA-BC-A10Z,62.0,1.117795969,0.0,12.0,0.0,25.0,3.0
0.0,TCGA-BC-A216-01,lihc_tcga_pan_can_atlas_2018,TCGA-BC-A216,62.0,44.41595161,3.0,5.0,0.0,6.0,0.0
1.0,TCGA-BC-A217-01,lihc_tcga_pan_can_atlas_2018,TCGA-BC-A217,75.0,45.9282638,1.0,12.0,0.0,15.0,0.0
0.0,TCGA-BC-A3KF-01,lihc_tcga_pan_can_atlas_2018,TCGA-BC-A3KF,66.0,0.263010816,0.0,5.0,0.0,14.0,0.0
1.0,TCGA-BC-A5W4-01,lihc_tcga_pan_can_atlas_2018,TCGA-BC-A5W4,69.0,17.98336457,3.0,7.0,0.0,10.0,1.0
0.0,TCGA-BC-A69H-01,lihc_tcga_pan_can_atlas_2018,TCGA-BC-A69H,64.0,14.59710031,1.0,11.0,0.0,18.0,1.0
0.0,TCGA-BC-A8YO-01,lihc_tcga_pan_can_atlas_2018,TCGA-BC-A8YO,66.0,18.47650985,5.0,6.0,0.0,15.0,2.0
0.0,TCGA-BD-A2L6-01,lihc_tcga_pan_can_atlas_2018,TCGA-BD-A2L6,69.0,44.81046783,7.5,6.0,0.0,12.0,0.0
0.0,TCGA-BD-A3EP-01,lihc_tcga_pan_can_atlas_2018,TCGA-BD-A3EP,75.0,13.44642798,0.0,7.0,0.0,14.0,2.0
0.0,TCGA-BW-A5NO-01,lihc_tcga_pan_can_atlas_2018,TCGA-BW-A5NO,50.0,0.657527041,3.0,14.0,0.0,20.0,1.0
0.0,TCGA-BW-A5NP-01,lihc_tcga_pan_can_atlas_2018,TCGA-BW-A5NP,26.0,0.0,6.0,10.0,0.0,12.0,0.0
0.0,TCGA-BW-A5NQ-01,lihc_tcga_pan_can_atlas_2018,TCGA-BW-A5NQ,63.0,0.0,0.0,9.0,0.0,18.0,1.0
1.0,TCGA-CC-5258-01,lihc_tcga_pan_can_atlas_2018,TCGA-CC-5258,48.0,4.241049413,1.0,7.0,0.0,16.0,1.0
0.0,TCGA-CC-5259-01,lihc_tcga_pan_can_atlas_2018,TCGA-CC-5259,60.0,8.21908801,5.0,11.0,0.0,20.0,4.0
1.0,TCGA-CC-5260-01,lihc_tcga_pan_can_atlas_2018,TCGA-CC-5260,61.0,2.860242628,5.0,8.0,0.0,16.0,2.0
1.0,TCGA-CC-5262-01,lihc_tcga_pan_can_atlas_2018,TCGA-CC-5262,67.0,3.38626426,5.0,5.0,0.0,13.0,2.0
1.0,TCGA-CC-5263-01,lihc_tcga_pan_can_atlas_2018,TCGA-CC-5263,35.0,4.241049413,3.0,8.0,0.0,14.0,1.0
1.0,TCGA-CC-5264-01,lihc_tcga_pan_can_atlas_2018,TCGA-CC-5264,71.0,3.353387908,3.0,3.0,0.0,11.0,3.0
0.0,TCGA-CC-A123-01,lihc_tcga_pan_can_atlas_2018,TCGA-CC-A123,24.0,7.199921097,3.0,8.0,0.0,11.0,0.0
1.0,TCGA-CC-A1HT-01,lihc_tcga_pan_can_atlas_2018,TCGA-CC-A1HT,50.0,3.320511556,3.0,3.0,0.0,11.0,2.0
1.0,TCGA-CC-A3M9-01,lihc_tcga_pan_can_atlas_2018,TCGA-CC-A3M9,45.0,9.862905612,3.0,16.0,0.0,23.0,1.0
1.0,TCGA-CC-A3MA-01,lihc_tcga_pan_can_atlas_2018,TCGA-CC-A3MA,61.0,9.961534668,3.0,5.0,0.0,6.0,0.0
1.0,TCGA-CC-A3MB-01,lihc_tcga_pan_can_atlas_2018,TCGA-CC-A3MB,36.0,10.35605089,3.0,4.0,0.0,8.0,2.0
0.0,TCGA-CC-A3MC-01,lihc_tcga_pan_can_atlas_2018,TCGA-CC-A3MC,54.0,11.93411579,3.0,8.0,0.0,15.0,2.0
1.0,TCGA-CC-A5UC-01,lihc_tcga_pan_can_atlas_2018,TCGA-CC-A5UC,63.0,11.40809416,3.0,5.0,0.0,12.0,1.0
1.0,TCGA-CC-A5UD-01,lihc_tcga_pan_can_atlas_2018,TCGA-CC-A5UD,45.0,9.99441102,3.0,20.0,0.0,33.0,2.0
1.0,TCGA-CC-A5UE-01,lihc_tcga_pan_can_atlas_2018,TCGA-CC-A5UE,48.0,8.942367755,4.0,7.0,0.0,14.0,1.0
1.0,TCGA-CC-A7IE-01,lihc_tcga_pan_can_atlas_2018,TCGA-CC-A7IE,57.0,7.134168393,3.0,11.0,0.0,23.0,4.0
1.0,TCGA-CC-A7IF-01,lihc_tcga_pan_can_atlas_2018,TCGA-CC-A7IF,59.0,21.33675247,3.0,11.0,0.0,23.0,1.0
1.0,TCGA-CC-A7IG-01,lihc_tcga_pan_can_atlas_2018,TCGA-CC-A7IG,47.0,9.83002926,1.0,17.0,0.0,29.0,3.0
0.0,TCGA-CC-A7IH-01,lihc_tcga_pan_can_atlas_2018,TCGA-CC-A7IH,58.0,11.9998685,3.0,21.125,0.0,36.5,5.0
0.0,TCGA-CC-A7II-01,lihc_tcga_pan_can_atlas_2018,TCGA-CC-A7II,54.0,13.11766446,3.0,8.0,0.0,20.0,4.0
0.0,TCGA-CC-A7IJ-01,lihc_tcga_pan_can_atlas_2018,TCGA-CC-A7IJ,56.0,12.55876648,1.0,11.0,0.0,17.0,0.0
1.0,TCGA-CC-A7IK-01,lihc_tcga_pan_can_atlas_2018,TCGA-CC-A7IK,59.0,8.613604235,3.0,17.0,0.0,34.0,4.0
1.0,TCGA-CC-A7IL-01,lihc_tcga_pan_can_atlas_2018,TCGA-CC-A7IL,61.0,9.139625867,3.0,10.0,0.0,20.0,0.0
1.0,TCGA-CC-A8HT-01,lihc_tcga_pan_can_atlas_2018,TCGA-CC-A8HT,74.0,4.602689286,3.0,21.125,0.0,35.0,3.0
1.0,TCGA-CC-A8HU-01,lihc_tcga_pan_can_atlas_2018,TCGA-CC-A8HU,39.0,11.3094651,3.0,5.0,0.0,10.0,1.0
1.0,TCGA-CC-A8HV-01,lihc_tcga_pan_can_atlas_2018,TCGA-CC-A8HV,51.0,9.172502219,1.0,9.0,0.0,21.0,2.0
0.0,TCGA-CC-A9FS-01,lihc_tcga_pan_can_atlas_2018,TCGA-CC-A9FS,55.0,6.93691028,1.0,10.0,0.0,16.0,1.0
0.0,TCGA-CC-A9FU-01,lihc_tcga_pan_can_atlas_2018,TCGA-CC-A9FU,52.0,0.0,3.0,3.0,0.0,7.0,1.0
0.0,TCGA-CC-A9FV-01,lihc_tcga_pan_can_atlas_2018,TCGA-CC-A9FV,57.0,0.0,3.0,1.0,0.0,3.0,0.0
0.0,TCGA-CC-A9FW-01,lihc_tcga_pan_can_atlas_2018,TCGA-CC-A9FW,68.0,8.153335306,3.0,11.0,0.0,25.0,5.0
0.0,TCGA-DD-A113-01,lihc_tcga_pan_can_atlas_2018,TCGA-DD-A113,55.0,73.011802613025,1.0,21.125,0.0,36.5,2.0
1.0,TCGA-DD-A114-01,lihc_tcga_pan_can_atlas_2018,TCGA-DD-A114,42.0,37.77492849,1.0,11.0,0.0,26.0,5.0
1.0,TCGA-DD-A115-01,lihc_tcga_pan_can_atlas_2018,TCGA-DD-A115,53.0,73.011802613025,3.0,18.0,0.0,28.0,2.0
1.0,TCGA-DD-A116-01,lihc_tcga_pan_can_atlas_2018,TCGA-DD-A116,68.0,53.32544301,3.0,11.0,0.0,19.0,1.0
0.0,TCGA-DD-A118-01,lihc_tcga_pan_can_atlas_2018,TCGA-DD-A118,77.0,73.011802613025,1.0,7.0,0.0,16.0,1.0
1.0,TCGA-DD-A119-01,lihc_tcga_pan_can_atlas_2018,TCGA-DD-A119,40.0,7.331426505,6.0,8.0,0.0,19.0,4.0
0.0,TCGA-DD-A11A-01,lihc_tcga_pan_can_atlas_2018,TCGA-DD-A11A,67.0,2.597231811,0.0,7.0,0.0,14.0,0.0
1.0,TCGA-DD-A11B-01,lihc_tcga_pan_can_atlas_2018,TCGA-DD-A11B,73.0,0.460268929,0.0,5.0,0.0,19.0,0.0
0.0,TCGA-DD-A11C-01,lihc_tcga_pan_can_atlas_2018,TCGA-DD-A11C,69.0,21.76414505,0.0,7.0,0.0,9.0,0.0
1.0,TCGA-DD-A11D-01,lihc_tcga_pan_can_atlas_2018,TCGA-DD-A11D,57.0,51.28710918,0.0,11.0,0.0,16.0,1.0
1.0,TCGA-DD-A1E9-01,lihc_tcga_pan_can_atlas_2018,TCGA-DD-A1E9,70.0,73.011802613025,0.0,4.0,0.0,7.0,1.0
0.0,TCGA-DD-A1EB-01,lihc_tcga_pan_can_atlas_2018,TCGA-DD-A1EB,72.0,66.31160207,0.0,11.0,0.0,20.0,2.0
0.0,TCGA-DD-A1EC-01,lihc_tcga_pan_can_atlas_2018,TCGA-DD-A1EC,24.0,19.79156393,0.0,3.0,0.0,5.0,1.0
0.0,TCGA-DD-A1ED-01,lihc_tcga_pan_can_atlas_2018,TCGA-DD-A1ED,68.0,73.011802613025,0.0,1.0,0.0,3.0,0.0
1.0,TCGA-DD-A1EE-01,lihc_tcga_pan_can_atlas_2018,TCGA-DD-A1EE,73.0,11.47384686,3.0,21.125,0.0,36.5,5.0
1.0,TCGA-DD-A1EF-01,lihc_tcga_pan_can_atlas_2018,TCGA-DD-A1EF,57.0,12.9532827,0.0,9.0,0.0,15.0,0.0
0.0,TCGA-DD-A1EH-01,lihc_tcga_pan_can_atlas_2018,TCGA-DD-A1EH,24.0,49.1501463,2.0,5.0,0.0,7.0,0.0
0.0,TCGA-DD-A1EI-01,lihc_tcga_pan_can_atlas_2018,TCGA-DD-A1EI,46.0,6.016372423,0.0,2.0,0.0,7.0,3.0
1.0,TCGA-DD-A1EJ-01,lihc_tcga_pan_can_atlas_2018,TCGA-DD-A1EJ,71.0,33.0407338,5.0,5.0,0.0,12.0,1.0
1.0,TCGA-DD-A1EK-01,lihc_tcga_pan_can_atlas_2018,TCGA-DD-A1EK,64.0,18.34500444,7.5,6.0,0.0,10.0,3.0
1.0,TCGA-DD-A1EL-01,lihc_tcga_pan_can_atlas_2018,TCGA-DD-A1EL,24.0,13.6436861,1.0,5.0,0.0,11.0,1.0
1.0,TCGA-DD-A39V-01,lihc_tcga_pan_can_atlas_2018,TCGA-DD-A39V,77.0,21.13949436,1.0,2.0,0.0,7.0,1.0
1.0,TCGA-DD-A39W-01,lihc_tcga_pan_can_atlas_2018,TCGA-DD-A39W,29.0,27.18874314,2.0,4.0,0.0,7.0,0.0
1.0,TCGA-DD-A39X-01,lihc_tcga_pan_can_atlas_2018,TCGA-DD-A39X,78.0,55.69254036,0.0,7.0,0.0,9.0,1.0
1.0,TCGA-DD-A39Z-01,lihc_tcga_pan_can_atlas_2018,TCGA-DD-A39Z,43.0,19.75868758,1.0,4.0,0.0,11.0,2.0
1.0,TCGA-DD-A3A2-01,lihc_tcga_pan_can_atlas_2018,TCGA-DD-A3A2,76.0,70.0595062,0.0,4.0,0.0,10.0,0.0
1.0,TCGA-DD-A3A3-01,lihc_tcga_pan_can_atlas_2018,TCGA-DD-A3A3,45.0,17.58884834,0.0,6.0,0.0,10.0,0.0
1.0,TCGA-DD-A3A4-01,lihc_tcga_pan_can_atlas_2018,TCGA-DD-A3A4,37.0,20.12032745,3.0,3.0,0.0,4.0,1.0
1.0,TCGA-DD-A3A5-01,lihc_tcga_pan_can_atlas_2018,TCGA-DD-A3A5,66.0,73.011802613025,2.0,5.0,0.0,8.0,0.0
1.0,TCGA-DD-A3A6-01,lihc_tcga_pan_can_atlas_2018,TCGA-DD-A3A6,72.0,73.011802613025,1.0,2.0,0.0,2.0,0.0
1.0,TCGA-DD-A3A7-01,lihc_tcga_pan_can_atlas_2018,TCGA-DD-A3A7,67.0,13.77519151,4.0,7.0,0.0,12.0,2.0
1.0,TCGA-DD-A3A8-01,lihc_tcga_pan_can_atlas_2018,TCGA-DD-A3A8,75.0,0.361639872,1.0,10.0,0.0,19.0,1.0
1.0,TCGA-DD-A3A9-01,lihc_tcga_pan_can_atlas_2018,TCGA-DD-A3A9,64.0,30.60788375,7.5,21.125,0.0,36.5,0.0
0.0,TCGA-DD-A4NA-01,lihc_tcga_pan_can_atlas_2018,TCGA-DD-A4NA,67.0,33.13936286,5.0,1.0,0.0,4.0,1.0
0.0,TCGA-DD-A4NB-01,lihc_tcga_pan_can_atlas_2018,TCGA-DD-A4NB,25.0,32.51471217,0.0,0.0,0.0,4.0,1.0
0.0,TCGA-DD-A4ND-01,lihc_tcga_pan_can_atlas_2018,TCGA-DD-A4ND,56.0,73.011802613025,0.0,7.0,0.0,8.0,0.0
1.0,TCGA-DD-A4NE-01,lihc_tcga_pan_can_atlas_2018,TCGA-DD-A4NE,75.0,21.69839235,3.0,0.0,0.0,6.0,0.0
0.0,TCGA-DD-A4NF-01,lihc_tcga_pan_can_atlas_2018,TCGA-DD-A4NF,72.0,30.96952362,0.0,14.0,0.0,21.0,1.0
1.0,TCGA-DD-A4NG-01,lihc_tcga_pan_can_atlas_2018,TCGA-DD-A4NG,77.0,26.36683434,3.0,13.0,0.0,22.0,0.0
0.0,TCGA-DD-A4NH-01,lihc_tcga_pan_can_atlas_2018,TCGA-DD-A4NH,65.0,30.14761482,4.0,9.0,0.0,13.0,0.0
0.0,TCGA-DD-A4NI-01,lihc_tcga_pan_can_atlas_2018,TCGA-DD-A4NI,67.0,26.82710327,1.0,21.125,0.0,36.5,2.0
0.0,TCGA-DD-A4NJ-01,lihc_tcga_pan_can_atlas_2018,TCGA-DD-A4NJ,54.0,30.50925469,1.0,18.0,0.0,28.0,1.0
1.0,TCGA-DD-A4NK-01,lihc_tcga_pan_can_atlas_2018,TCGA-DD-A4NK,80.0,39.78038597,3.0,12.0,0.0,32.0,4.0
0.0,TCGA-DD-A4NL-01,lihc_tcga_pan_can_atlas_2018,TCGA-DD-A4NL,46.0,56.25143834,0.0,5.0,0.0,5.0,0.0
1.0,TCGA-DD-A4NN-01,lihc_tcga_pan_can_atlas_2018,TCGA-DD-A4NN,56.0,29.55584048,0.0,10.0,0.0,16.0,0.0
0.0,TCGA-DD-A4NO-01,lihc_tcga_pan_can_atlas_2018,TCGA-DD-A4NO,65.0,73.011802613025,0.0,10.0,0.0,16.0,2.0
0.0,TCGA-DD-A4NP-01,lihc_tcga_pan_can_atlas_2018,TCGA-DD-A4NP,32.0,73.011802613025,0.0,2.0,0.0,3.0,0.0
1.0,TCGA-DD-A4NQ-01,lihc_tcga_pan_can_atlas_2018,TCGA-DD-A4NQ,60.0,12.26287931,1.0,13.0,0.0,22.0,2.0
1.0,TCGA-DD-A4NR-01,lihc_tcga_pan_can_atlas_2018,TCGA-DD-A4NR,85.0,0.295887168,0.0,7.0,0.0,19.0,3.0
1.0,TCGA-DD-A4NS-01,lihc_tcga_pan_can_atlas_2018,TCGA-DD-A4NS,61.0,73.011802613025,0.0,12.0,0.0,20.0,2.0
0.0,TCGA-DD-A4NV-01,lihc_tcga_pan_can_atlas_2018,TCGA-DD-A4NV,61.0,73.011802613025,3.0,21.125,0.0,36.5,2.0
0.0,TCGA-DD-A73A-01,lihc_tcga_pan_can_atlas_2018,TCGA-DD-A73A,71.0,23.93398429,0.0,7.0,0.0,10.0,2.0
1.0,TCGA-DD-A73B-01,lihc_tcga_pan_can_atlas_2018,TCGA-DD-A73B,72.0,9.304007627,0.0,6.0,0.0,11.0,0.0
0.0,TCGA-DD-A73C-01,lihc_tcga_pan_can_atlas_2018,TCGA-DD-A73C,65.0,23.04632278,3.0,5.0,0.0,9.0,1.0
0.0,TCGA-DD-A73D-01,lihc_tcga_pan_can_atlas_2018,TCGA-DD-A73D,68.0,22.78331196,1.0,5.0,0.0,9.0,1.0
0.0,TCGA-DD-A73E-01,lihc_tcga_pan_can_atlas_2018,TCGA-DD-A73E,66.0,1.44655949,0.0,10.0,0.0,15.0,0.0
0.0,TCGA-DD-A73F-01,lihc_tcga_pan_can_atlas_2018,TCGA-DD-A73F,77.0,35.67084196,0.0,3.0,0.0,10.0,2.0
0.0,TCGA-DD-A73G-01,lihc_tcga_pan_can_atlas_2018,TCGA-DD-A73G,73.0,73.011802613025,0.0,11.0,0.0,18.0,0.0
1.0,TCGA-DD-AA3A-01,lihc_tcga_pan_can_atlas_2018,TCGA-DD-AA3A,81.0,13.47930434,0.0,2.0,0.0,5.0,0.0
1.0,TCGA-DD-AAC8-01,lihc_tcga_pan_can_atlas_2018,TCGA-DD-AAC8,72.0,0.526021633,0.0,21.125,0.0,36.5,5.0
0.0,TCGA-DD-AAC9-01,lihc_tcga_pan_can_atlas_2018,TCGA-DD-AAC9,51.0,11.40809416,0.0,4.0,0.0,10.0,0.0
0.0,TCGA-DD-AACA-01,lihc_tcga_pan_can_atlas_2018,TCGA-DD-AACA,65.0,73.011802613025,0.0,12.0,0.0,16.0,1.0
0.0,TCGA-DD-AACB-01,lihc_tcga_pan_can_atlas_2018,TCGA-DD-AACB,74.0,73.011802613025,0.0,8.0,0.0,15.0,0.0
1.0,TCGA-DD-AACC-01,lihc_tcga_pan_can_atlas_2018,TCGA-DD-AACC,61.0,55.39665319,0.0,8.0,0.0,13.0,1.0
1.0,TCGA-DD-AACD-01,lihc_tcga_pan_can_atlas_2018,TCGA-DD-AACD,48.0,12.52589013,0.0,8.0,0.0,11.0,0.0
0.0,TCGA-DD-AACE-01,lihc_tcga_pan_can_atlas_2018,TCGA-DD-AACE,62.0,71.80195286,0.0,5.0,0.0,12.0,1.0
1.0,TCGA-DD-AACF-01,lihc_tcga_pan_can_atlas_2018,TCGA-DD-AACF,68.0,11.9998685,0.0,6.0,0.0,16.0,2.0
1.0,TCGA-DD-AACG-01,lihc_tcga_pan_can_atlas_2018,TCGA-DD-AACG,52.0,15.41900911,1.0,7.0,0.0,15.0,0.0
1.0,TCGA-DD-AACH-01,lihc_tcga_pan_can_atlas_2018,TCGA-DD-AACH,69.0,6.410888648,1.0,5.0,0.0,11.0,1.0
0.0,TCGA-DD-AACI-01,lihc_tcga_pan_can_atlas_2018,TCGA-DD-AACI,69.0,53.1939376,1.0,21.125,0.0,36.5,2.0
0.0,TCGA-DD-AACJ-01,lihc_tcga_pan_can_atlas_2018,TCGA-DD-AACJ,75.0,69.10609199,1.0,3.0,0.0,7.0,0.0
0.0,TCGA-DD-AACK-01,lihc_tcga_pan_can_atlas_2018,TCGA-DD-AACK,70.0,0.295887168,0.0,8.0,0.0,16.0,2.0
1.0,TCGA-DD-AACL-01,lihc_tcga_pan_can_atlas_2018,TCGA-DD-AACL,66.0,3.517769668,0.0,21.125,0.0,36.5,2.0
0.0,TCGA-DD-AACM-01,lihc_tcga_pan_can_atlas_2018,TCGA-DD-AACM,48.0,58.15826676,1.0,3.0,0.0,12.0,0.0
0.0,TCGA-DD-AACN-01,lihc_tcga_pan_can_atlas_2018,TCGA-DD-AACN,32.0,42.80501036,0.0,3.0,0.0,7.0,1.0
0.0,TCGA-DD-AACO-01,lihc_tcga_pan_can_atlas_2018,TCGA-DD-AACO,40.0,61.67603643,0.0,4.0,0.0,8.0,0.0
0.0,TCGA-DD-AACP-01,lihc_tcga_pan_can_atlas_2018,TCGA-DD-AACP,64.0,13.6436861,0.0,13.0,0.0,21.0,0.0
1.0,TCGA-DD-AACQ-01,lihc_tcga_pan_can_atlas_2018,TCGA-DD-AACQ,50.0,14.20258408,1.0,13.0,0.0,30.0,5.0
0.0,TCGA-DD-AACS-01,lihc_tcga_pan_can_atlas_2018,TCGA-DD-AACS,39.0,59.30893908,0.0,5.0,0.0,6.0,0.0
0.0,TCGA-DD-AACT-01,lihc_tcga_pan_can_atlas_2018,TCGA-DD-AACT,69.0,51.35286189,0.0,16.0,0.0,31.0,2.0
0.0,TCGA-DD-AACU-01,lihc_tcga_pan_can_atlas_2018,TCGA-DD-AACU,59.0,51.51724365,0.0,16.0,0.0,23.0,0.0
0.0,TCGA-DD-AACV-01,lihc_tcga_pan_can_atlas_2018,TCGA-DD-AACV,53.0,50.33369497,0.0,8.0,0.0,18.0,1.0
0.0,TCGA-DD-AACW-01,lihc_tcga_pan_can_atlas_2018,TCGA-DD-AACW,43.0,46.81592531,0.0,6.0,0.0,9.0,2.0
0.0,TCGA-DD-AACX-01,lihc_tcga_pan_can_atlas_2018,TCGA-DD-AACX,66.0,5.588979847,1.0,11.0,0.0,23.0,2.0
0.0,TCGA-DD-AACY-01,lihc_tcga_pan_can_atlas_2018,TCGA-DD-AACY,61.0,47.67071046,0.0,3.0,0.0,8.0,0.0
1.0,TCGA-DD-AACZ-01,lihc_tcga_pan_can_atlas_2018,TCGA-DD-AACZ,63.0,5.621856199,0.0,6.0,0.0,18.0,4.0
0.0,TCGA-DD-AAD0-01,lihc_tcga_pan_can_atlas_2018,TCGA-DD-AAD0,73.0,4.50406023,0.0,3.0,0.0,12.0,4.0
0.0,TCGA-DD-AAD1-01,lihc_tcga_pan_can_atlas_2018,TCGA-DD-AAD1,51.0,18.54226255,0.0,13.0,0.0,20.0,1.0
0.0,TCGA-DD-AAD2-01,lihc_tcga_pan_can_atlas_2018,TCGA-DD-AAD2,66.0,21.63263964,0.0,4.0,0.0,9.0,1.0
0.0,TCGA-DD-AAD3-01,lihc_tcga_pan_can_atlas_2018,TCGA-DD-AAD3,43.0,42.57487589,0.0,11.0,0.0,17.0,1.0
0.0,TCGA-DD-AAD5-01,lihc_tcga_pan_can_atlas_2018,TCGA-DD-AAD5,54.0,44.21869349,0.0,10.0,0.0,20.0,2.0
0.0,TCGA-DD-AAD6-01,lihc_tcga_pan_can_atlas_2018,TCGA-DD-AAD6,66.0,22.09290857,3.0,8.0,0.0,17.0,4.0
0.0,TCGA-DD-AAD8-01,lihc_tcga_pan_can_atlas_2018,TCGA-DD-AAD8,73.0,40.07627314,0.0,6.0,0.0,20.0,3.0
0.0,TCGA-DD-AADA-01,lihc_tcga_pan_can_atlas_2018,TCGA-DD-AADA,66.0,40.53654207,0.0,10.0,0.0,15.0,1.0
0.0,TCGA-DD-AADB-01,lihc_tcga_pan_can_atlas_2018,TCGA-DD-AADB,51.0,40.83242923,0.0,12.0,0.0,20.0,1.0
1.0,TCGA-DD-AADC-01,lihc_tcga_pan_can_atlas_2018,TCGA-DD-AADC,53.0,13.97244962,0.0,10.0,0.0,18.0,1.0
0.0,TCGA-DD-AADD-01,lihc_tcga_pan_can_atlas_2018,TCGA-DD-AADD,51.0,40.47078936,0.0,6.0,0.0,10.0,1.0
0.0,TCGA-DD-AADE-01,lihc_tcga_pan_can_atlas_2018,TCGA-DD-AADE,50.0,39.51737515,0.0,9.0,0.0,17.0,2.0
1.0,TCGA-DD-AADF-01,lihc_tcga_pan_can_atlas_2018,TCGA-DD-AADF,64.0,3.780780485,0.0,15.0,0.0,30.0,3.0
0.0,TCGA-DD-AADG-01,lihc_tcga_pan_can_atlas_2018,TCGA-DD-AADG,70.0,37.64342309,3.0,11.0,0.0,24.0,2.0
0.0,TCGA-DD-AADI-01,lihc_tcga_pan_can_atlas_2018,TCGA-DD-AADI,43.0,35.67084196,0.0,3.0,0.0,14.0,2.0
0.0,TCGA-DD-AADJ-01,lihc_tcga_pan_can_atlas_2018,TCGA-DD-AADJ,70.0,35.04619128,0.0,4.0,0.0,5.0,0.0
0.0,TCGA-DD-AADK-01,lihc_tcga_pan_can_atlas_2018,TCGA-DD-AADK,68.0,34.48729329,1.0,4.0,0.0,7.0,1.0
0.0,TCGA-DD-AADL-01,lihc_tcga_pan_can_atlas_2018,TCGA-DD-AADL,58.0,20.9093599,0.0,11.0,0.0,15.0,0.0
1.0,TCGA-DD-AADM-01,lihc_tcga_pan_can_atlas_2018,TCGA-DD-AADM,58.0,0.394516225,1.0,15.0,0.0,26.0,2.0
0.0,TCGA-DD-AADN-01,lihc_tcga_pan_can_atlas_2018,TCGA-DD-AADN,59.0,29.52296413,0.0,9.0,0.0,16.0,1.0
0.0,TCGA-DD-AADO-01,lihc_tcga_pan_can_atlas_2018,TCGA-DD-AADO,55.0,14.89298747,0.0,13.0,0.0,26.0,0.0
0.0,TCGA-DD-AADP-01,lihc_tcga_pan_can_atlas_2018,TCGA-DD-AADP,45.0,15.05736923,0.0,8.0,0.0,13.0,2.0
0.0,TCGA-DD-AADQ-01,lihc_tcga_pan_can_atlas_2018,TCGA-DD-AADQ,59.0,14.33408949,1.0,11.0,0.0,17.0,1.0
0.0,TCGA-DD-AADR-01,lihc_tcga_pan_can_atlas_2018,TCGA-DD-AADR,58.0,66.67324194,0.0,9.0,0.0,14.0,2.0
0.0,TCGA-DD-AADS-01,lihc_tcga_pan_can_atlas_2018,TCGA-DD-AADS,63.0,15.58339087,0.0,11.0,0.0,21.0,1.0
0.0,TCGA-DD-AADU-01,lihc_tcga_pan_can_atlas_2018,TCGA-DD-AADU,60.0,18.21349903,1.0,6.0,0.0,10.0,0.0
0.0,TCGA-DD-AADV-01,lihc_tcga_pan_can_atlas_2018,TCGA-DD-AADV,50.0,18.87102607,0.0,10.0,0.0,13.0,1.0
0.0,TCGA-DD-AADW-01,lihc_tcga_pan_can_atlas_2018,TCGA-DD-AADW,48.0,19.29841865,0.0,5.0,0.0,8.0,0.0
0.0,TCGA-DD-AADY-01,lihc_tcga_pan_can_atlas_2018,TCGA-DD-AADY,55.0,18.24637538,0.0,2.0,0.0,5.0,0.0
0.0,TCGA-DD-AAE0-01,lihc_tcga_pan_can_atlas_2018,TCGA-DD-AAE0,45.0,18.24637538,3.0,3.0,0.0,8.0,1.0
0.0,TCGA-DD-AAE1-01,lihc_tcga_pan_can_atlas_2018,TCGA-DD-AAE1,52.0,18.14774633,0.0,4.0,0.0,9.0,1.0
0.0,TCGA-DD-AAE2-01,lihc_tcga_pan_can_atlas_2018,TCGA-DD-AAE2,51.0,20.9751126,0.0,3.0,0.0,14.0,1.0
0.0,TCGA-DD-AAE3-01,lihc_tcga_pan_can_atlas_2018,TCGA-DD-AAE3,50.0,18.60801526,0.0,12.0,0.0,24.0,2.0
0.0,TCGA-DD-AAE4-01,lihc_tcga_pan_can_atlas_2018,TCGA-DD-AAE4,49.0,19.98882204,0.0,5.0,0.0,9.0,0.0
0.0,TCGA-DD-AAE6-01,lihc_tcga_pan_can_atlas_2018,TCGA-DD-AAE6,59.0,4.635565638,0.0,6.0,0.0,14.0,3.0
0.0,TCGA-DD-AAE7-01,lihc_tcga_pan_can_atlas_2018,TCGA-DD-AAE7,72.0,21.17237071,0.0,18.0,0.0,36.5,5.0
0.0,TCGA-DD-AAE8-01,lihc_tcga_pan_can_atlas_2018,TCGA-DD-AAE8,45.0,21.82989776,0.0,1.0,0.0,2.0,0.0
0.0,TCGA-DD-AAE9-01,lihc_tcga_pan_can_atlas_2018,TCGA-DD-AAE9,69.0,23.73672617,0.0,10.0,0.0,18.0,1.0
0.0,TCGA-DD-AAEA-01,lihc_tcga_pan_can_atlas_2018,TCGA-DD-AAEA,65.0,18.90390242,0.0,15.0,0.0,27.0,3.0
0.0,TCGA-DD-AAEB-01,lihc_tcga_pan_can_atlas_2018,TCGA-DD-AAEB,60.0,15.71489628,0.0,9.0,0.0,23.0,3.0
0.0,TCGA-DD-AAED-01,lihc_tcga_pan_can_atlas_2018,TCGA-DD-AAED,51.0,25.08465661,0.0,6.0,0.0,10.0,0.0
0.0,TCGA-DD-AAEE-01,lihc_tcga_pan_can_atlas_2018,TCGA-DD-AAEE,55.0,26.62984515,0.0,2.0,0.0,11.0,0.0
0.0,TCGA-DD-AAEG-01,lihc_tcga_pan_can_atlas_2018,TCGA-DD-AAEG,59.0,23.63809712,0.0,9.0,0.0,12.0,0.0
0.0,TCGA-DD-AAEH-01,lihc_tcga_pan_can_atlas_2018,TCGA-DD-AAEH,73.0,25.77506,0.0,5.0,0.0,9.0,3.0
0.0,TCGA-DD-AAEI-01,lihc_tcga_pan_can_atlas_2018,TCGA-DD-AAEI,72.0,50.33369497,0.0,4.0,0.0,12.0,3.0
0.0,TCGA-DD-AAEK-01,lihc_tcga_pan_can_atlas_2018,TCGA-DD-AAEK,51.0,35.07906763,1.0,4.0,0.0,14.0,5.0
0.0,TCGA-DD-AAVP-01,lihc_tcga_pan_can_atlas_2018,TCGA-DD-AAVP,48.0,73.011802613025,0.0,3.0,0.0,9.0,0.0
0.0,TCGA-DD-AAVQ-01,lihc_tcga_pan_can_atlas_2018,TCGA-DD-AAVQ,38.0,73.011802613025,0.0,9.0,0.0,11.0,1.0
0.0,TCGA-DD-AAVR-01,lihc_tcga_pan_can_atlas_2018,TCGA-DD-AAVR,44.0,73.011802613025,0.0,7.0,0.0,10.0,0.0
0.0,TCGA-DD-AAVS-01,lihc_tcga_pan_can_atlas_2018,TCGA-DD-AAVS,56.0,59.93358977,0.0,3.0,0.0,11.0,1.0
0.0,TCGA-DD-AAVU-01,lihc_tcga_pan_can_atlas_2018,TCGA-DD-AAVU,46.0,72.39372719,1.0,8.0,0.0,18.0,1.0
0.0,TCGA-DD-AAVV-01,lihc_tcga_pan_can_atlas_2018,TCGA-DD-AAVV,56.0,73.011802613025,1.0,13.0,0.0,23.0,1.0
0.0,TCGA-DD-AAVW-01,lihc_tcga_pan_can_atlas_2018,TCGA-DD-AAVW,35.0,73.011802613025,0.0,2.0,0.0,4.0,2.0
0.0,TCGA-DD-AAVX-01,lihc_tcga_pan_can_atlas_2018,TCGA-DD-AAVX,38.0,56.48157281,1.0,6.0,0.0,9.0,0.0
0.0,TCGA-DD-AAVY-01,lihc_tcga_pan_can_atlas_2018,TCGA-DD-AAVY,56.0,64.76641352,3.0,9.0,0.0,17.0,1.0
0.0,TCGA-DD-AAVZ-01,lihc_tcga_pan_can_atlas_2018,TCGA-DD-AAVZ,38.0,62.46506888,0.0,1.0,0.0,4.0,0.0
0.0,TCGA-DD-AAW0-01,lihc_tcga_pan_can_atlas_2018,TCGA-DD-AAW0,54.0,66.24584936,0.0,6.0,0.0,9.0,1.0
0.0,TCGA-DD-AAW1-01,lihc_tcga_pan_can_atlas_2018,TCGA-DD-AAW1,55.0,65.39106421,3.0,6.0,0.0,10.0,1.0
0.0,TCGA-DD-AAW2-01,lihc_tcga_pan_can_atlas_2018,TCGA-DD-AAW2,69.0,60.98563303,0.0,12.0,0.0,22.0,1.0
0.0,TCGA-DD-AAW3-01,lihc_tcga_pan_can_atlas_2018,TCGA-DD-AAW3,69.0,53.68708288,0.0,5.0,0.0,13.0,2.0
0.0,TCGA-ED-A459-01,lihc_tcga_pan_can_atlas_2018,TCGA-ED-A459,47.0,29.91748036,1.0,20.0,0.0,29.0,1.0
0.0,TCGA-ED-A4XI-01,lihc_tcga_pan_can_atlas_2018,TCGA-ED-A4XI,58.0,26.92573232,1.0,17.0,0.0,27.0,1.0
0.0,TCGA-ED-A5KG-01,lihc_tcga_pan_can_atlas_2018,TCGA-ED-A5KG,60.0,28.07640464,1.0,2.0,0.0,3.0,0.0
0.0,TCGA-ED-A627-01,lihc_tcga_pan_can_atlas_2018,TCGA-ED-A627,74.0,13.90669691,0.0,0.0,0.0,1.0,0.0
0.0,TCGA-ED-A66X-01,lihc_tcga_pan_can_atlas_2018,TCGA-ED-A66X,35.0,13.34779893,3.0,3.0,0.0,4.0,1.0
1.0,TCGA-ED-A66Y-01,lihc_tcga_pan_can_atlas_2018,TCGA-ED-A66Y,51.0,9.731400204,3.0,11.0,0.0,19.0,2.0
0.0,TCGA-ED-A7PX-01,lihc_tcga_pan_can_atlas_2018,TCGA-ED-A7PX,48.0,0.197258112,1.0,4.0,0.0,5.0,1.0
0.0,TCGA-ED-A7PY-01,lihc_tcga_pan_can_atlas_2018,TCGA-ED-A7PY,24.0,12.8217773,1.0,2.0,0.0,5.0,0.0
0.0,TCGA-ED-A7PZ-01,lihc_tcga_pan_can_atlas_2018,TCGA-ED-A7PZ,61.0,0.197258112,1.0,21.0,0.0,36.5,1.0
0.0,TCGA-ED-A7XO-01,lihc_tcga_pan_can_atlas_2018,TCGA-ED-A7XO,29.0,14.03820232,3.0,4.0,0.0,6.0,1.0
0.0,TCGA-ED-A7XP-01,lihc_tcga_pan_can_atlas_2018,TCGA-ED-A7XP,53.0,13.15054082,1.0,9.0,0.0,13.0,0.0
0.0,TCGA-ED-A82E-01,lihc_tcga_pan_can_atlas_2018,TCGA-ED-A82E,60.0,13.41355163,3.0,3.0,0.0,6.0,0.0
0.0,TCGA-ED-A8O5-01,lihc_tcga_pan_can_atlas_2018,TCGA-ED-A8O5,59.0,13.34779893,3.0,6.0,0.0,14.0,2.0
1.0,TCGA-ED-A8O6-01,lihc_tcga_pan_can_atlas_2018,TCGA-ED-A8O6,50.0,1.841075714,3.0,9.0,0.0,16.0,2.0
0.0,TCGA-ED-A97K-01,lihc_tcga_pan_can_atlas_2018,TCGA-ED-A97K,54.0,0.197258112,3.0,1.0,0.0,1.0,0.0
0.0,TCGA-EP-A12J-01,lihc_tcga_pan_can_atlas_2018,TCGA-EP-A12J,62.0,18.73952066,0.0,2.0,0.0,6.0,0.0
0.0,TCGA-EP-A26S-01,lihc_tcga_pan_can_atlas_2018,TCGA-EP-A26S,70.0,19.98882204,0.0,9.0,0.0,29.0,3.0
1.0,TCGA-EP-A2KA-01,lihc_tcga_pan_can_atlas_2018,TCGA-EP-A2KA,52.0,20.61347273,3.0,5.0,0.0,13.0,1.0
1.0,TCGA-EP-A2KB-01,lihc_tcga_pan_can_atlas_2018,TCGA-EP-A2KB,46.0,19.59430582,0.0,5.0,0.0,8.0,0.0
1.0,TCGA-EP-A2KC-01,lihc_tcga_pan_can_atlas_2018,TCGA-EP-A2KC,62.0,0.624650689,0.0,8.0,0.0,13.0,1.0
0.0,TCGA-EP-A3JL-01,lihc_tcga_pan_can_atlas_2018,TCGA-EP-A3JL,76.0,9.961534668,0.0,8.0,0.0,13.0,1.0
0.0,TCGA-EP-A3RK-01,lihc_tcga_pan_can_atlas_2018,TCGA-EP-A3RK,73.0,11.93411579,3.0,13.0,0.0,20.0,0.0
1.0,TCGA-ES-A2HS-01,lihc_tcga_pan_can_atlas_2018,TCGA-ES-A2HS,80.0,22.6189302,0.0,8.0,0.0,13.0,0.0
1.0,TCGA-ES-A2HT-01,lihc_tcga_pan_can_atlas_2018,TCGA-ES-A2HT,54.0,14.39984219,0.0,8.0,0.0,10.0,0.0
1.0,TCGA-FV-A23B-01,lihc_tcga_pan_can_atlas_2018,TCGA-FV-A23B,70.0,60.88700398,1.0,10.0,0.0,17.0,2.0
0.0,TCGA-FV-A2QQ-01,lihc_tcga_pan_can_atlas_2018,TCGA-FV-A2QQ,80.0,23.96686064,0.0,7.0,0.0,21.0,4.0
1.0,TCGA-FV-A2QR-01,lihc_tcga_pan_can_atlas_2018,TCGA-FV-A2QR,75.0,19.10116054,0.0,7.0,0.0,20.0,2.0
0.0,TCGA-FV-A3I0-01,lihc_tcga_pan_can_atlas_2018,TCGA-FV-A3I0,76.0,27.87914653,1.0,6.0,0.0,11.0,2.0
1.0,TCGA-FV-A3I1-01,lihc_tcga_pan_can_atlas_2018,TCGA-FV-A3I1,81.0,8.120458954,1.0,17.0,0.0,24.0,0.0
1.0,TCGA-FV-A3R2-01,lihc_tcga_pan_can_atlas_2018,TCGA-FV-A3R2,75.0,6.378012296,0.0,5.0,0.0,10.0,1.0
1.0,TCGA-FV-A3R3-01,lihc_tcga_pan_can_atlas_2018,TCGA-FV-A3R3,38.0,12.03274485,0.0,8.0,0.0,12.0,1.0
0.0,TCGA-FV-A495-01,lihc_tcga_pan_can_atlas_2018,TCGA-FV-A495,51.0,0.032876352,1.0,19.0,0.0,26.0,1.0
0.0,TCGA-FV-A496-01,lihc_tcga_pan_can_atlas_2018,TCGA-FV-A496,84.0,0.32876352,0.0,18.0,0.0,29.0,3.0
1.0,TCGA-FV-A4ZP-01,lihc_tcga_pan_can_atlas_2018,TCGA-FV-A4ZP,78.0,73.011802613025,3.0,14.0,0.0,19.0,1.0
0.0,TCGA-FV-A4ZQ-01,lihc_tcga_pan_can_atlas_2018,TCGA-FV-A4ZQ,52.0,0.394516225,0.0,4.0,0.0,13.0,2.0
1.0,TCGA-G3-A25S-01,lihc_tcga_pan_can_atlas_2018,TCGA-G3-A25S,64.0,13.67656245,0.0,9.0,0.0,17.0,2.0
0.0,TCGA-G3-A25T-01,lihc_tcga_pan_can_atlas_2018,TCGA-G3-A25T,45.0,51.05697472,3.0,8.0,0.0,11.0,1.0
0.0,TCGA-G3-A25U-01,lihc_tcga_pan_can_atlas_2018,TCGA-G3-A25U,63.0,53.78571194,0.0,8.0,0.0,15.0,2.0
0.0,TCGA-G3-A25V-01,lihc_tcga_pan_can_atlas_2018,TCGA-G3-A25V,68.0,28.27366275,0.0,2.0,0.0,13.0,1.0
0.0,TCGA-G3-A25W-01,lihc_tcga_pan_can_atlas_2018,TCGA-G3-A25W,79.0,30.73938916,4.0,10.0,0.0,18.0,2.0
1.0,TCGA-G3-A25Y-01,lihc_tcga_pan_can_atlas_2018,TCGA-G3-A25Y,52.0,14.86011112,0.0,12.0,0.0,15.0,1.0
0.0,TCGA-G3-A25Z-01,lihc_tcga_pan_can_atlas_2018,TCGA-G3-A25Z,58.0,21.53401059,0.0,11.0,0.0,15.0,0.0
0.0,TCGA-G3-A3CH-01,lihc_tcga_pan_can_atlas_2018,TCGA-G3-A3CH,53.0,25.64355459,3.0,3.0,0.0,6.0,2.0
0.0,TCGA-G3-A3CI-01,lihc_tcga_pan_can_atlas_2018,TCGA-G3-A3CI,71.0,5.917743367,0.0,2.0,0.0,2.0,0.0
0.0,TCGA-G3-A3CK-01,lihc_tcga_pan_can_atlas_2018,TCGA-G3-A3CK,61.0,19.23266594,0.0,20.0,0.0,36.5,3.0
1.0,TCGA-G3-A5SI-01,lihc_tcga_pan_can_atlas_2018,TCGA-G3-A5SI,44.0,25.24903837,1.0,1.0,0.0,4.0,1.0
0.0,TCGA-G3-A5SJ-01,lihc_tcga_pan_can_atlas_2018,TCGA-G3-A5SJ,59.0,22.94769372,0.0,13.0,0.0,16.0,0.0
0.0,TCGA-G3-A5SK-01,lihc_tcga_pan_can_atlas_2018,TCGA-G3-A5SK,58.0,24.46000592,0.0,11.0,0.0,15.0,1.0
0.0,TCGA-G3-A5SL-01,lihc_tcga_pan_can_atlas_2018,TCGA-G3-A5SL,70.0,20.41621462,1.0,15.0,0.0,20.0,1.0
0.0,TCGA-G3-A5SM-01,lihc_tcga_pan_can_atlas_2018,TCGA-G3-A5SM,58.0,17.09570306,1.0,9.0,0.0,15.0,1.0
0.0,TCGA-G3-A6UC-01,lihc_tcga_pan_can_atlas_2018,TCGA-G3-A6UC,65.0,22.06003222,4.0,12.0,0.0,17.0,0.0
0.0,TCGA-G3-A7M5-01,lihc_tcga_pan_can_atlas_2018,TCGA-G3-A7M5,76.0,14.69572936,0.0,11.0,0.0,18.0,3.0
0.0,TCGA-G3-A7M6-01,lihc_tcga_pan_can_atlas_2018,TCGA-G3-A7M6,60.0,20.77785449,0.0,5.0,0.0,12.0,1.0
0.0,TCGA-G3-A7M7-01,lihc_tcga_pan_can_atlas_2018,TCGA-G3-A7M7,65.0,11.86836309,0.0,6.0,0.0,9.0,0.0
0.0,TCGA-G3-A7M8-01,lihc_tcga_pan_can_atlas_2018,TCGA-G3-A7M8,31.0,14.13683138,0.0,2.0,0.0,4.0,0.0
1.0,TCGA-G3-A7M9-01,lihc_tcga_pan_can_atlas_2018,TCGA-G3-A7M9,70.0,1.841075714,4.0,9.0,0.0,22.0,2.0
0.0,TCGA-G3-AAUZ-01,lihc_tcga_pan_can_atlas_2018,TCGA-G3-AAUZ,48.0,15.78064898,0.0,3.0,0.0,7.0,0.0
0.0,TCGA-G3-AAV0-01,lihc_tcga_pan_can_atlas_2018,TCGA-G3-AAV0,58.0,15.64914357,0.0,17.0,0.0,30.0,3.0
1.0,TCGA-G3-AAV1-01,lihc_tcga_pan_can_atlas_2018,TCGA-G3-AAV1,51.0,11.80261038,5.0,2.0,0.0,8.0,1.0
0.0,TCGA-G3-AAV2-01,lihc_tcga_pan_can_atlas_2018,TCGA-G3-AAV2,50.0,12.23000296,0.0,1.0,0.0,9.0,2.0
0.0,TCGA-G3-AAV3-01,lihc_tcga_pan_can_atlas_2018,TCGA-G3-AAV3,58.0,13.54505704,1.0,8.0,0.0,16.0,1.0
1.0,TCGA-G3-AAV4-01,lihc_tcga_pan_can_atlas_2018,TCGA-G3-AAV4,83.0,0.887661505,0.0,9.0,0.0,13.0,1.0
0.0,TCGA-G3-AAV5-01,lihc_tcga_pan_can_atlas_2018,TCGA-G3-AAV5,67.0,11.63822862,1.0,5.0,0.0,14.0,2.0
1.0,TCGA-G3-AAV6-01,lihc_tcga_pan_can_atlas_2018,TCGA-G3-AAV6,53.0,2.136962883,3.0,4.0,0.0,8.0,1.0
0.0,TCGA-G3-AAV7-01,lihc_tcga_pan_can_atlas_2018,TCGA-G3-AAV7,38.0,11.86836309,1.0,9.0,0.0,21.0,2.0
0.0,TCGA-GJ-A3OU-01,lihc_tcga_pan_can_atlas_2018,TCGA-GJ-A3OU,59.0,28.89831344,0.0,9.0,0.0,14.0,1.0
1.0,TCGA-GJ-A6C0-01,lihc_tcga_pan_can_atlas_2018,TCGA-GJ-A6C0,75.0,1.019166913,1.0,15.0,0.0,34.0,2.0
1.0,TCGA-GJ-A9DB-01,lihc_tcga_pan_can_atlas_2018,TCGA-GJ-A9DB,68.0,2.202715587,0.0,8.0,0.0,20.0,4.0
1.0,TCGA-HP-A5MZ-01,lihc_tcga_pan_can_atlas_2018,TCGA-HP-A5MZ,78.0,2.991748036,0.0,10.0,0.0,11.0,0.0
1.0,TCGA-HP-A5N0-01,lihc_tcga_pan_can_atlas_2018,TCGA-HP-A5N0,90.0,37.70917579,7.5,7.0,0.0,16.0,2.0
0.0,TCGA-K7-A5RF-01,lihc_tcga_pan_can_atlas_2018,TCGA-K7-A5RF,64.0,20.74497814,0.0,4.0,0.0,15.0,1.0
0.0,TCGA-K7-A5RG-01,lihc_tcga_pan_can_atlas_2018,TCGA-K7-A5RG,66.0,17.06282671,0.0,19.0,0.0,35.0,2.0
0.0,TCGA-K7-A6G5-01,lihc_tcga_pan_can_atlas_2018,TCGA-K7-A6G5,66.0,16.83269224,0.0,5.0,0.0,12.0,0.0
0.0,TCGA-K7-AAU7-01,lihc_tcga_pan_can_atlas_2018,TCGA-K7-AAU7,61.0,11.80261038,1.0,6.0,0.0,15.0,2.0
1.0,TCGA-KR-A7K0-01,lihc_tcga_pan_can_atlas_2018,TCGA-KR-A7K0,65.0,2.136962883,0.0,4.0,0.0,12.0,2.0
0.0,TCGA-KR-A7K2-01,lihc_tcga_pan_can_atlas_2018,TCGA-KR-A7K2,64.0,27.25449584,0.0,7.0,0.0,12.0,0.0
0.0,TCGA-KR-A7K7-01,lihc_tcga_pan_can_atlas_2018,TCGA-KR-A7K7,61.0,31.26541079,1.0,1.0,0.0,7.0,2.0
0.0,TCGA-KR-A7K8-01,lihc_tcga_pan_can_atlas_2018,TCGA-KR-A7K8,57.0,29.78597495,0.0,7.0,0.0,10.0,1.0
0.0,TCGA-LG-A6GG-01,lihc_tcga_pan_can_atlas_2018,TCGA-LG-A6GG,79.0,12.72314824,1.0,21.125,0.0,36.5,4.0
0.0,TCGA-LG-A9QC-01,lihc_tcga_pan_can_atlas_2018,TCGA-LG-A9QC,48.0,13.97244962,0.0,5.0,0.0,13.0,1.0
0.0,TCGA-LG-A9QD-01,lihc_tcga_pan_can_atlas_2018,TCGA-LG-A9QD,68.0,12.03274485,3.0,12.0,0.0,18.0,1.0
0.0,TCGA-MI-A75C-01,lihc_tcga_pan_can_atlas_2018,TCGA-MI-A75C,64.0,9.567018444,0.0,5.0,0.0,12.0,0.0
0.0,TCGA-MI-A75E-01,lihc_tcga_pan_can_atlas_2018,TCGA-MI-A75E,61.0,16.66831048,5.0,8.0,0.0,18.0,1.0
0.0,TCGA-MI-A75G-01,lihc_tcga_pan_can_atlas_2018,TCGA-MI-A75G,63.0,22.94769372,1.0,18.0,0.0,34.0,3.0
0.0,TCGA-MI-A75H-01,lihc_tcga_pan_can_atlas_2018,TCGA-MI-A75H,77.0,24.55863497,7.5,14.0,0.0,22.0,0.0
0.0,TCGA-MI-A75I-01,lihc_tcga_pan_can_atlas_2018,TCGA-MI-A75I,61.0,20.71210179,7.5,12.0,0.0,19.0,1.0
0.0,TCGA-MR-A520-01,lihc_tcga_pan_can_atlas_2018,TCGA-MR-A520,58.0,7.528684617,0.0,1.0,0.0,3.0,1.0
0.0,TCGA-MR-A8JO-01,lihc_tcga_pan_can_atlas_2018,TCGA-MR-A8JO,34.0,10.84919617,0.0,5.0,0.0,5.0,0.0
1.0,TCGA-NI-A4U2-01,lihc_tcga_pan_can_atlas_2018,TCGA-NI-A4U2,71.0,58.8815465,3.0,19.0,0.0,28.0,3.0
0.0,TCGA-NI-A8LF-01,lihc_tcga_pan_can_atlas_2018,TCGA-NI-A8LF,74.0,26.26820528,0.0,6.0,0.0,12.0,0.0
0.0,TCGA-O8-A75V-01,lihc_tcga_pan_can_atlas_2018,TCGA-O8-A75V,54.0,17.6874774,0.0,9.0,0.0,15.0,3.0
1.0,TCGA-PD-A5DF-01,lihc_tcga_pan_can_atlas_2018,TCGA-PD-A5DF,58.0,21.00798895,4.0,3.0,0.0,6.0,0.0
0.0,TCGA-QA-A7B7-01,lihc_tcga_pan_can_atlas_2018,TCGA-QA-A7B7,48.0,3.090377092,1.0,7.0,0.0,12.0,0.0
0.0,TCGA-RC-A6M3-01,lihc_tcga_pan_can_atlas_2018,TCGA-RC-A6M3,24.0,0.0,1.0,4.0,0.0,7.0,0.0
0.0,TCGA-RC-A6M4-01,lihc_tcga_pan_can_atlas_2018,TCGA-RC-A6M4,74.0,0.723279745,3.0,15.0,0.0,29.0,5.0
0.0,TCGA-RC-A6M5-01,lihc_tcga_pan_can_atlas_2018,TCGA-RC-A6M5,24.0,0.493145281,7.0,3.0,0.0,4.0,0.0
0.0,TCGA-RC-A6M6-01,lihc_tcga_pan_can_atlas_2018,TCGA-RC-A6M6,75.0,0.295887168,1.0,9.0,0.0,21.0,4.0
0.0,TCGA-RC-A7S9-01,lihc_tcga_pan_can_atlas_2018,TCGA-RC-A7S9,47.0,21.04086531,0.0,4.0,0.0,9.0,1.0
0.0,TCGA-RC-A7SB-01,lihc_tcga_pan_can_atlas_2018,TCGA-RC-A7SB,53.0,19.331295,1.0,3.0,0.0,6.0,1.0
0.0,TCGA-RC-A7SF-01,lihc_tcga_pan_can_atlas_2018,TCGA-RC-A7SF,66.0,19.03540783,0.0,5.0,0.0,7.0,0.0
0.0,TCGA-RC-A7SH-01,lihc_tcga_pan_can_atlas_2018,TCGA-RC-A7SH,42.0,15.38613276,1.0,8.0,0.0,14.0,1.0
0.0,TCGA-RC-A7SK-01,lihc_tcga_pan_can_atlas_2018,TCGA-RC-A7SK,59.0,15.51763816,0.0,14.0,0.0,27.0,3.0
0.0,TCGA-RG-A7D4-01,lihc_tcga_pan_can_atlas_2018,TCGA-RG-A7D4,69.0,36.09823454,1.0,5.0,0.0,11.0,0.0
0.0,TCGA-UB-A7MA-01,lihc_tcga_pan_can_atlas_2018,TCGA-UB-A7MA,62.0,27.87914653,1.0,7.0,0.0,8.0,0.0
0.0,TCGA-UB-A7MB-01,lihc_tcga_pan_can_atlas_2018,TCGA-UB-A7MB,24.0,19.75868758,1.0,21.125,0.0,36.5,5.0
0.0,TCGA-UB-A7MC-01,lihc_tcga_pan_can_atlas_2018,TCGA-UB-A7MC,59.0,16.43817602,3.0,4.0,0.0,8.0,0.0
1.0,TCGA-UB-A7MD-01,lihc_tcga_pan_can_atlas_2018,TCGA-UB-A7MD,67.0,1.709570306,0.0,10.0,0.0,22.0,5.0
0.0,TCGA-UB-A7ME-01,lihc_tcga_pan_can_atlas_2018,TCGA-UB-A7ME,51.0,15.97790709,0.0,3.0,0.0,10.0,1.0
1.0,TCGA-UB-A7MF-01,lihc_tcga_pan_can_atlas_2018,TCGA-UB-A7MF,56.0,7.035539337,3.0,6.0,0.0,15.0,0.0
0.0,TCGA-UB-AA0U-01,lihc_tcga_pan_can_atlas_2018,TCGA-UB-AA0U,60.0,10.75056712,1.0,10.0,0.0,15.0,2.0
0.0,TCGA-UB-AA0V-01,lihc_tcga_pan_can_atlas_2018,TCGA-UB-AA0V,69.0,10.32317454,0.0,5.0,0.0,7.0,1.0
0.0,TCGA-WJ-A86L-01,lihc_tcga_pan_can_atlas_2018,TCGA-WJ-A86L,68.0,11.34234145,0.0,13.0,0.0,21.0,2.0
0.0,TCGA-WQ-A9G7-01,lihc_tcga_pan_can_atlas_2018,TCGA-WQ-A9G7,71.0,0.986290561,7.5,21.125,0.0,36.5,5.0
0.0,TCGA-WQ-AB4B-01,lihc_tcga_pan_can_atlas_2018,TCGA-WQ-AB4B,62.0,12.98615906,1.0,4.0,0.0,8.0,1.0
0.0,TCGA-WX-AA44-01,lihc_tcga_pan_can_atlas_2018,TCGA-WX-AA44,64.0,20.21895651,0.0,4.0,0.0,13.0,2.0
0.0,TCGA-WX-AA46-01,lihc_tcga_pan_can_atlas_2018,TCGA-WX-AA46,61.0,24.85452214,1.0,3.0,0.0,7.0,0.0
1.0,TCGA-WX-AA47-01,lihc_tcga_pan_can_atlas_2018,TCGA-WX-AA47,33.0,18.27925173,3.0,5.0,0.0,5.0,0.0
0.0,TCGA-XR-A8TD-01,lihc_tcga_pan_can_atlas_2018,TCGA-XR-A8TD,49.0,33.8626426,4.0,5.0,0.0,7.0,0.0
0.0,TCGA-XR-A8TE-01,lihc_tcga_pan_can_atlas_2018,TCGA-XR-A8TE,24.0,30.41062564,3.0,2.0,0.0,2.0,0.0
1.0,TCGA-XR-A8TF-01,lihc_tcga_pan_can_atlas_2018,TCGA-XR-A8TF,74.0,22.78331196,0.0,14.0,0.0,31.0,1.0
0.0,TCGA-XR-A8TG-01,lihc_tcga_pan_can_atlas_2018,TCGA-XR-A8TG,58.0,29.52296413,0.0,5.0,0.0,11.0,0.0
1.0,TCGA-YA-A8S7-01,lihc_tcga_pan_can_atlas_2018,TCGA-YA-A8S7,68.0,13.54505704,3.0,6.0,0.0,13.0,0.0
1.0,TCGA-ZP-A9CV-01,lihc_tcga_pan_can_atlas_2018,TCGA-ZP-A9CV,59.0,35.76947102,7.5,7.0,0.0,13.0,3.0
0.0,TCGA-ZP-A9CY-01,lihc_tcga_pan_can_atlas_2018,TCGA-ZP-A9CY,66.0,25.7093073,7.5,11.0,0.0,15.0,1.0
0.0,TCGA-ZP-A9CZ-01,lihc_tcga_pan_can_atlas_2018,TCGA-ZP-A9CZ,72.0,23.21070454,7.5,7.0,0.0,18.0,2.0
0.0,TCGA-ZP-A9D0-01,lihc_tcga_pan_can_atlas_2018,TCGA-ZP-A9D0,67.0,35.86810008,7.5,4.0,0.0,9.0,1.0
0.0,TCGA-ZP-A9D1-01,lihc_tcga_pan_can_atlas_2018,TCGA-ZP-A9D1,56.0,0.690403393,7.5,13.0,0.0,23.0,0.0
1.0,TCGA-ZP-A9D2-01,lihc_tcga_pan_can_atlas_2018,TCGA-ZP-A9D2,51.0,25.15040931,7.5,1.0,0.0,3.0,0.0
0.0,TCGA-ZP-A9D4-01,lihc_tcga_pan_can_atlas_2018,TCGA-ZP-A9D4,64.0,12.98615906,7.5,6.0,0.0,8.0,1.0
1.0,TCGA-ZS-A9CD-01,lihc_tcga_pan_can_atlas_2018,TCGA-ZS-A9CD,73.0,45.56662393,1.0,5.0,0.0,12.0,0.0
0.0,TCGA-ZS-A9CE-01,lihc_tcga_pan_can_atlas_2018,TCGA-ZS-A9CE,79.0,40.79955288,1.0,12.0,0.0,20.0,0.0
0.0,TCGA-ZS-A9CF-01,lihc_tcga_pan_can_atlas_2018,TCGA-ZS-A9CF,64.0,73.011802613025,1.0,6.0,0.0,13.0,3.0
0.0,TCGA-ZS-A9CG-01,lihc_tcga_pan_can_atlas_2018,TCGA-ZS-A9CG,55.0,11.21083605,1.0,2.0,0.0,6.0,2.0
